user,followers_count,following_count,account_creation_date,date,text,text_length,likes,quotes,retweets,comments,link
Barack Obama,131766721,542204,10:08 PM - 5 Mar 2007,"May 30, 2024 ¬∑ 7:32 PM UTC","This Asian American, Native Hawaiian, and Pacific Islander Heritage Month, I wanted to share the story of Ashley Johnson ‚Äì a leader in our @ObamaFoundation Leaders USA program who is using her talents to create change.  Check out her inspiring story:",250,30511,220,5355,2699,https://twitter.com/BarackObama/status/1796263509874950158#m
Barack Obama,131766721,542204,10:08 PM - 5 Mar 2007,"May 28, 2024 ¬∑ 6:17 PM UTC","When Brian Wallach was diagnosed with ALS, he was given six months to live. @bsw5020 and @sabrevaya‚Äôs film, For Love & Life: No Ordinary Campaign, chronicles their incredible journey, and proves that all of us are far more powerful than we know. I hope you‚Äôll watch it on Prime Video and get involved with their work to find a cure for ALS at IAmALS.org.",354,41428,295,7946,2102,https://twitter.com/BarackObama/status/1795519835142541666#m
Barack Obama,131766721,542204,10:08 PM - 5 Mar 2007,"May 27, 2024 ¬∑ 9:04 PM UTC","Bill Walton was one of the greatest basketball players of all time ‚Äì a champion at every level and the embodiment of unselfish team play. He was also a wonderful spirit full of curiosity, humor and kindness. We are poorer for his passing, and Michelle and I send our deepest condolences to his family.",301,148397,470,14530,2968,https://twitter.com/BarackObama/status/1795199538057072966#m
Barack Obama,131766721,542204,10:08 PM - 5 Mar 2007,"May 27, 2024 ¬∑ 1:45 PM UTC","One of the greatest honors of my life was the privilege of serving as commander-in-chief, and with pride also came sometimes heartbreak and loss. And the sober recognition of the sacrifices that so many Americans and their families have made to preserve our freedom.  On Memorial Day, we honor the brave men and women who made the ultimate sacrifice for our country. We owe them so much, and their memories will never be forgotten.",431,301524,1932,36994,15818,https://twitter.com/BarackObama/status/1795088933556011101#m
Barack Obama,131766721,542204,10:08 PM - 5 Mar 2007,"May 22, 2024 ¬∑ 5:09 PM UTC",".@POTUS just confirmed his 200th judge ‚Äì not an easy accomplishment with a narrow majority in the Senate. And more than half are women and people of color. ¬† Judges have the power to roll back progress or keep us moving forward; to protect our basic liberties or take them away. It‚Äôs another reminder of what‚Äôs at stake in this election, and why it‚Äôs so important to vote.",372,94604,1707,18929,18535,https://twitter.com/BarackObama/status/1793328292260352018#m
Barack Obama,131766721,542204,10:08 PM - 5 Mar 2007,"May 17, 2024 ¬∑ 6:45 PM UTC","Today marks 70 years since the Supreme Court handed down its landmark decision in Brown v. Board of Education, outlawing racial segregation in America‚Äôs schools.¬†  Let‚Äôs honor the memory of the civil rights leaders, families, and children who took extraordinary risks in order to make our schools ‚Äì and ultimately our country ‚Äì more fair and more free. And at a time when our public schools are growing more segregated, let‚Äôs remember that our work isn‚Äôt done until every child can get an education worthy of their promise.",523,102368,989,17569,8599,https://twitter.com/BarackObama/status/1791540592238874953#m
Barack Obama,131766721,542204,10:08 PM - 5 Mar 2007,"May 12, 2024 ¬∑ 2:00 PM UTC","Happy Mother‚Äôs Day to @MichelleObama and all the moms out there!  Michelle, thank you for all that you do for our girls. Today and every day, we celebrate you.  And a big thank you to all the mothers and mother figures out there who provide us love, inspiration and support, often in the face of remarkable odds.",312,349200,1080,25350,10987,https://twitter.com/BarackObama/status/1789656939871211869#m
Barack Obama,131766721,542204,10:08 PM - 5 Mar 2007,"May 3, 2024 ¬∑ 7:29 PM UTC",Great news today: The Biden Administration announced that DACA recipients will now be able to get health care coverage through the Affordable Care Act. https://www.nytimes.com/2024/05/03/us/politics/immigrants-daca-health-care.html,231,6447,91,1314,1692,https://twitter.com/BarackObama/status/1786478084054458801#m
Barack Obama,131766721,542204,10:08 PM - 5 Mar 2007,"Apr 29, 2024 ¬∑ 9:11 PM UTC","Back in March, @JoeBiden, @BillClinton and I sat down with three real icons ‚Äì the hosts of @SmartLess ‚Äì to talk about everything from the economy and gun violence, to what we miss about being in office and the importance of sending Joe and Kamala back to the White House. We laughed a little bit, too. Check it out: audible.com/pd/B0D2XKFGW4",341,111543,1222,14297,17187,https://twitter.com/BarackObama/status/1785054398730641823#m
Barack Obama,131766721,542204,10:08 PM - 5 Mar 2007,"Apr 22, 2024 ¬∑ 9:01 PM UTC","Tonight, Jewish families around the world will begin the celebration of Passover with the traditional seder meal. Michelle and I loved the seders¬†we held in the White House, and the story of Passover ‚Äì with its focus on resilience, redemption, and renewal in the face of persecution and uncertainty. Today it rings even more true.  This Passover, let‚Äôs remember everyone who is unable to celebrate the holiday with their loved ones. And in a time when there‚Äôs been so much suffering and loss in Israel and Gaza,¬†let‚Äôs reaffirm our commitment to the Jewish people, and people of all religions, who deserve to feel safe and secure wherever they live and practice their faith. Chag Sameach.",687,138811,1166,15750,10962,https://twitter.com/BarackObama/status/1782515071614107995#m
Barack Obama,131766721,542204,10:08 PM - 5 Mar 2007,"Apr 22, 2024 ¬∑ 8:37 PM UTC","States across the country are launching their own programs for folks who are passionate about leaving the planet better than they found it. If that sounds like you or someone you know, check out ClimateCorps.gov to learn more and apply.",236,2432,24,630,605,https://twitter.com/BarackObama/status/1782508940162433534#m
Barack Obama,131766721,542204,10:08 PM - 5 Mar 2007,"Apr 22, 2024 ¬∑ 8:37 PM UTC","This Earth Day, let‚Äôs protect the only planet we‚Äôve got by taking action in the fight against climate change.  One way to do that is through @POTUS‚Äôs American Climate Corps, which will provide opportunities for thousands of young people to gain skills and find good-paying jobs tackling climate change in their communities.",323,88080,689,13444,9425,https://twitter.com/BarackObama/status/1782508936941232280#m
Barack Obama,131766721,542204,10:08 PM - 5 Mar 2007,"Apr 19, 2024 ¬∑ 4:36 PM UTC",Grown Woman Talk by my good friend Dr. Sharon Malone gives women everywhere the wisdom ‚Äì and data ‚Äì they need to advocate for themselves and lead healthier lives. It‚Äôs a great book!,181,37553,229,5683,3990,https://twitter.com/BarackObama/status/1781361348217086222#m
Barack Obama,131766721,542204,10:08 PM - 5 Mar 2007,"Apr 17, 2024 ¬∑ 3:33 PM UTC","Bob Graham was a friend and a consummate public servant. As a governor, senator, and legislator, he spent decades fighting for the people of Florida. He was also a champion of the environment, which is why, after the BP oil spill, I asked Bob to co-chair a commission tasked with preventing a disaster of that magnitude from ever happening again. Michelle and I are thinking of Bob‚Äôs family today, and everyone who knew and loved him.",434,49111,214,6499,3699,https://twitter.com/BarackObama/status/1780620693446496748#m
Barack Obama,131766721,542204,10:08 PM - 5 Mar 2007,"Apr 11, 2024 ¬∑ 4:06 PM UTC","This year, the @DemRedistrict is investing in several state-level elections and backing candidates who are key to stopping anti-democratic agendas‚Äîincluding gerrymandering. I hope you‚Äôll join me in supporting them: democraticredistricting.com/‚Ä¶",244,47477,803,11255,11476,https://twitter.com/BarackObama/status/1778454509720629707#m
Barack Obama,131766721,542204,10:08 PM - 5 Mar 2007,"Apr 10, 2024 ¬∑ 7:15 PM UTC","Happy 94th birthday, Dolores! When I was a young organizer, reading about @DoloresHuerta‚Äôs¬†life and work showed me what was possible. As one of America's great labor and civil rights icons, Dolores has devoted her entire life to advocating for marginalized communities. She knows the power of community organizing, and through the Dolores Huerta Foundation, she continues to train and mentor new activists and organizers. She also came up with a pretty good slogan, ‚ÄúSi, se puede.‚Äù Yes, we can.",494,156559,594,15987,6327,https://twitter.com/BarackObama/status/1778139876933681658#m
Barack Obama,131766721,542204,10:08 PM - 5 Mar 2007,"Apr 9, 2024 ¬∑ 4:01 AM UTC","Congrats¬†to the back-to-back national champs, @UConnMBB! Great season by an incredibly impressive team.",103,68726,158,5460,2000,https://twitter.com/BarackObama/status/1777547269576769938#m
Barack Obama,131766721,542204,10:08 PM - 5 Mar 2007,"Apr 7, 2024 ¬∑ 9:20 PM UTC","Congrats¬†to @GamecockWBB and Coach @DawnStaley on a perfect season and their third title! It's been an incredible year for women's basketball, and this team was so disciplined and talented. Well deserved.",204,121276,392,14834,3269,https://twitter.com/BarackObama/status/1777084034012635237#m
Barack Obama,131766721,542204,10:08 PM - 5 Mar 2007,"Mar 31, 2024 ¬∑ 2:00 PM UTC","From our family to yours, we hope you have a wonderful and blessed Easter!",74,185281,894,16806,11577,https://twitter.com/BarackObama/status/1774436585599070552#m
Barack Obama,131766721,542204,10:08 PM - 5 Mar 2007,"Mar 30, 2024 ¬∑ 7:30 PM UTC","From record-breaking job growth to expanding health care coverage, @JoeBiden has spent each and every day working on behalf of the American people. I can‚Äôt say the same about the guy running against him.",203,103921,1834,21375,26729,https://twitter.com/BarackObama/status/1774157172399608215#m
Barack Obama,131766721,542204,10:08 PM - 5 Mar 2007,"Mar 28, 2024 ¬∑ 6:30 PM UTC",This is important work being led by President¬†Biden and Vice President Harris. We can drive¬†innovation while also creating the right safeguards and oversight of artificial intelligence.,185,55103,436,10041,9109,https://twitter.com/BarackObama/status/1773417346440278315#m
Barack Obama,131766721,542204,10:08 PM - 5 Mar 2007,"Mar 27, 2024 ¬∑ 11:20 PM UTC","Joe Lieberman and I didn‚Äôt always see eye-to-eye, but he had an extraordinary career in public service, including four decades spent fighting for the people of Connecticut. He also worked hard to repeal ‚ÄúDon‚Äôt Ask Don‚Äôt Tell‚Äù and helped us pass the Affordable Care Act. In both cases¬†the politics were difficult, but he stuck to his principles because he knew it was the right thing to do. Michelle and I extend our deepest condolences to Hadassah and the Lieberman family.",473,73617,564,8231,4738,https://twitter.com/BarackObama/status/1773128028547121446#m
Barack Obama,131766721,542204,10:08 PM - 5 Mar 2007,"Mar 26, 2024 ¬∑ 9:49 PM UTC","In your early 20s? You might not know that the Affordable Care Act is the reason you can stay on your parents‚Äô health care plan until you‚Äôre 26. Before the ACA, health care companies could kick you off earlier ‚Äì sometimes right after college.  It‚Äôs another reason why we need to keep building on the ACA ‚Äì not repeal it. Because health care isn‚Äôt a privilege. It‚Äôs a right.",373,94105,1377,19946,17861,https://twitter.com/BarackObama/status/1772742738351395135#m
Barack Obama,131766721,542204,10:08 PM - 5 Mar 2007,"Mar 23, 2024 ¬∑ 5:51 PM UTC","These are the stories of everyday Americans whose lives have been saved by the ACA, and there are so many more stories like theirs. Now we‚Äôve got to do all we can to ensure that future generations are able to have the health care they need, too.",245,2609,13,438,434,https://twitter.com/BarackObama/status/1771595575168774632#m
Barack Obama,131766721,542204,10:08 PM - 5 Mar 2007,"Mar 23, 2024 ¬∑ 5:51 PM UTC","Shortly after Anthony was born, he needed to get a heart transplant. Because of the ACA, Anthony will not be denied health coverage or labeled for having a pre-existing condition ‚Äî which prevented so many from getting coverage in the past.",239,2815,16,584,398,https://twitter.com/BarackObama/status/1771595573688189107#m
Barack Obama,131766721,542204,10:08 PM - 5 Mar 2007,"Mar 23, 2024 ¬∑ 5:51 PM UTC","After being diagnosed with Stage 4 Hodgkin‚Äôs Lymphoma, Laura credits the Affordable Care Act with allowing her to get the care she needed to save her life.",155,1361,3,315,85,https://twitter.com/BarackObama/status/1771595571758817393#m
Barack Obama,131766721,542204,10:08 PM - 5 Mar 2007,"Mar 23, 2024 ¬∑ 5:51 PM UTC","When Steven was only 26-years-old, he was diagnosed with chronic myeloid leukemia. If it wasn‚Äôt for the Medicaid expansion in the ACA, Steven says he wouldn‚Äôt have been able to afford the medication he has to take for the rest of his life.",239,1400,6,323,103,https://twitter.com/BarackObama/status/1771595569972052072#m
Barack Obama,131766721,542204,10:08 PM - 5 Mar 2007,"Mar 23, 2024 ¬∑ 5:51 PM UTC","Over the years, I‚Äôve been moved by so many of you who‚Äôve shared how the Affordable Care Act has transformed your lives and allowed you to get the coverage you need.  I wanted to share some of those stories with you and I hope you‚Äôll share your story, too.",255,45487,365,6588,5083,https://twitter.com/BarackObama/status/1771595568457957797#m
Barack Obama,131766721,542204,10:08 PM - 5 Mar 2007,"Mar 23, 2024 ¬∑ 4:08 PM UTC",Tune in as I join @JoeBiden and @SpeakerPelosi for a national organizing call to mark the 14th anniversary of the Affordable Care Act.¬†https://twitter.com/i/broadcasts/1yoKMwejeVoJQ,181,15594,157,3668,2893,https://twitter.com/BarackObama/status/1771569744635707752#m
Barack Obama,131766721,542204,10:08 PM - 5 Mar 2007,"Mar 23, 2024 ¬∑ 3:01 PM UTC",The day that the Affordable Care Act passed was one of my proudest moments ‚Äî and @JoeBiden was right by my side to get it done.  The future of the ACA hangs in the balance in this election. We've come too far to go back ‚Äî and we've got to do everything we can to protect it.,274,62400,614,11558,6015,https://twitter.com/BarackObama/status/1771552747306791327#m
Barack Obama,131766721,542204,10:08 PM - 5 Mar 2007,"Mar 23, 2024 ¬∑ 1:00 PM UTC","We‚Äôve come too far to let that happen. President Biden has proven that he‚Äôll keep fighting to build on the ACA, and we need to fight with him.   Because health care is not, and never will be, a privilege. It‚Äôs a right ‚Äì and there‚Äôs so much more we can do to make it more affordable and effective for everyone.",309,15746,85,2569,1128,https://twitter.com/BarackObama/status/1771522453405122568#m
Barack Obama,131766721,542204,10:08 PM - 5 Mar 2007,"Mar 23, 2024 ¬∑ 1:00 PM UTC","In so many ways, the Affordable Care Act has become part of our lives, changing the way we think about health insurance. But that doesn‚Äôt mean we can take it for granted.  Right now, some Republicans are still trying to repeal and gut the ACA ‚Äì including calling for cuts that could put insurance out of reach for tens of millions of Americans.",344,14567,53,2486,611,https://twitter.com/BarackObama/status/1771522452004249621#m
Barack Obama,131766721,542204,10:08 PM - 5 Mar 2007,"Mar 23, 2024 ¬∑ 1:00 PM UTC","Today, young people are staying on their parents‚Äô plans until they‚Äôre 26. Americans with pre-existing conditions are no longer being denied coverage. Seniors and people with disabilities are paying less for prescription drugs. And Americans everywhere are switching jobs and starting their own businesses without worrying about losing their insurance.",351,24345,229,4027,856,https://twitter.com/BarackObama/status/1771522450662015039#m
Barack Obama,131766721,542204,10:08 PM - 5 Mar 2007,"Mar 23, 2024 ¬∑ 1:00 PM UTC","Since the ACA was passed, the percentage of uninsured Americans has been cut in half. And thanks to the investments the Biden-Harris Administration has made to build on the ACA, more than 21 million Americans now have access to quality, affordable health care.",260,23085,183,3970,1333,https://twitter.com/BarackObama/status/1771522447537299507#m
Barack Obama,131766721,542204,10:08 PM - 5 Mar 2007,"Mar 23, 2024 ¬∑ 1:00 PM UTC","Fourteen years ago today, I signed the Affordable Care Act into law.  Afterwards, one Republican member of the House called the ACA the ‚Äúmost dangerous piece of legislation ever passed in Congress.‚Äù Another predicted the country would ‚Äúnever recover from it.‚Äù  But then something else happened: it actually worked.",314,195320,3381,27994,29097,https://twitter.com/BarackObama/status/1771522445368787059#m
Barack Obama,131766721,542204,10:08 PM - 5 Mar 2007,"Mar 21, 2024 ¬∑ 6:36 PM UTC",The Affordable Care Act is saving lives and providing folks with the coverage they need. And it's up to all of us to do what we can to protect it.  Join me and my friends @JoeBiden and @SpeakerPelosi this Saturday at 12pm ET for a national organizing call. events.democrats.org/event/6‚Ä¶,286,33776,413,8033,6272,https://twitter.com/BarackObama/status/1770882146862780616#m
Barack Obama,131766721,542204,10:08 PM - 5 Mar 2007,"Mar 19, 2024 ¬∑ 12:00 PM UTC",My picks are in! I sat down to talk about them with @CraigMalRob and @UKCoachCalipari on their¬†podcast¬†Ways To Win from @HGMedia. Check out our conversation wherever you get your podcasts. And please don‚Äôt rub it in when my bracket gets busted. apple.co/waystowin,263,24528,441,3882,2815,https://twitter.com/BarackObama/status/1770057831766475105#m
Barack Obama,131766721,542204,10:08 PM - 5 Mar 2007,"Mar 8, 2024 ¬∑ 11:04 PM UTC","It‚Äôs always great checking in on the progress at the Obama Presidential Center. Yesterday, I had a chance to see a preview of the ‚ÄòPower of Words‚Äô exhibit.   When it opens, Michelle and I hope the Center will be a place where visitors from Chicago and beyond will come to reflect and be inspired to create the change they want to see in the world.",347,29475,205,4435,3160,https://twitter.com/BarackObama/status/1766238618190754054#m
Barack Obama,131766721,542204,10:08 PM - 5 Mar 2007,"Mar 8, 2024 ¬∑ 8:15 PM UTC",This is who we need leading the country for the next four years. Congrats to @POTUS on a powerful State of the Union address last night.,136,215723,2309,34340,25292,https://twitter.com/BarackObama/status/1766196015789466037#m
Joe Biden,131766721,542204,10:08 PM - 5 Mar 2007,"Mar 5, 2024 ¬∑ 1:21 PM UTC","If you‚Äôre in a Super Tuesday state or territory, polls are starting to open.  Now is the time to make your voice heard.  Confirm your polling place at IWillVote.com.",165,13119,228,3558,3330,https://twitter.com/JoeBiden/status/1765004609184010260#m
Barack Obama,131766721,542204,10:08 PM - 5 Mar 2007,"Feb 27, 2024 ¬∑ 3:04 PM UTC","Ten years ago today we launched the @MBK_Alliance to build safe communities and expand opportunities for boys and young men of color. I'm so proud of the work that more than 100 MBK communities across the country are doing, and can‚Äôt wait to see what they accomplish over the next decade.",288,28867,227,4978,3932,https://twitter.com/BarackObama/status/1762493819126157561#m
Barack Obama,131766721,542204,10:08 PM - 5 Mar 2007,"Feb 23, 2024 ¬∑ 6:52 PM UTC","Wisconsin made history this week! @GovEvers signed into law new, competitive state legislative maps that get rid of one of the most gerrymandered maps in the country. Wisconsinites will now have a real shot at electing leaders who are responsive to the will of the people.",272,53279,438,9982,5195,https://twitter.com/BarackObama/status/1761101723769180554#m
Barack Obama,131766721,542204,10:08 PM - 5 Mar 2007,"Feb 17, 2024 ¬∑ 12:51 AM UTC","Aleksey Navalny was a fearless advocate for his beliefs who died unbroken by the tyranny he opposed. He fought corruption, inspired millions and never wavered in his insistence on free expression, the rule of law, and a Russia that is accountable to the people and not a dictator. He died in unyielding defense of his vision of a better future for his country - a vision, and a courageous example, that will never die.",418,206395,2365,31889,17841,https://twitter.com/BarackObama/status/1758655409957536148#m
Barack Obama,131766721,542204,10:08 PM - 5 Mar 2007,"Feb 16, 2024 ¬∑ 5:24 AM UTC","Congrats to @CaitlinClark22, the greatest scorer in the history of women‚Äôs college basketball! It's been fun watching you and the @IowaWBB team this season.",156,71685,210,4413,2027,https://twitter.com/BarackObama/status/1758361777086116322#m
Barack Obama,131766721,542204,10:08 PM - 5 Mar 2007,"Feb 14, 2024 ¬∑ 7:00 PM UTC",President Biden is absolutely right. The last thing we need right now is a world that is more chaotic and less secure; where dictators feel emboldened and our allies wonder if they can count on us. Let‚Äôs keep moving forward.,224,90788,1326,16632,16918,https://twitter.com/BarackObama/status/1757842320601252064#m
Barack Obama,131766721,542204,10:08 PM - 5 Mar 2007,"Feb 14, 2024 ¬∑ 4:02 PM UTC","How did I get so lucky? Happy Valentine's Day to my best friend, @MichelleObama!",80,536243,2167,28461,13611,https://twitter.com/BarackObama/status/1757797516488200253#m
Barack Obama,131766721,542204,10:08 PM - 5 Mar 2007,"Feb 12, 2024 ¬∑ 4:30 AM UTC","Congrats¬†to the Kansas City @Chiefs, MVP Patrick Mahomes, Coach Reid, Travis Kelce, Chris Jones, Mecole Hardman, and the rest of the champs for¬†another Lombardi Trophy. Grace under pressure.",190,189470,816,14470,4079,https://twitter.com/BarackObama/status/1756898449545388069#m
Barack Obama,131766721,542204,10:08 PM - 5 Mar 2007,"Feb 11, 2024 ¬∑ 4:30 PM UTC","At the White House Science Fairs, we would invite young people from across the country to share their hard work. I still remember this talented group of Girl Scouts who designed a flood-proof bridge model ‚Äì and brought me some great headgear!",242,5335,59,657,808,https://twitter.com/BarackObama/status/1756717476115562702#m
Barack Obama,131766721,542204,10:08 PM - 5 Mar 2007,"Feb 11, 2024 ¬∑ 4:30 PM UTC","On the International Day of Women and Girls in Science, let‚Äôs help girls everywhere pursue careers in science, technology, engineering and math. Our world is better with their ideas and perspectives.",199,83633,701,13862,5321,https://twitter.com/BarackObama/status/1756717474181976376#m
Barack Obama,131766721,542204,10:08 PM - 5 Mar 2007,"Feb 6, 2024 ¬∑ 8:45 PM UTC",Folks ‚Äì I‚Äôll be in NYC on March 28th to support @JoeBiden. Who‚Äôs coming with me? Chip in for your chance to join: https://secure.actblue.com/donate/social-bvf-ewp-february-2024?refcode=social_20240206_tw_bo,206,42149,1027,8848,17031,https://twitter.com/BarackObama/status/1754969473684050257#m
Donald J. Trump,87173514,51,1:46 PM - 18 Mar 2009,"Aug 25, 2023 ¬∑ 1:38 AM UTC",DONALDJTRUMP.COM,16,1806519,101014,377530,313640,https://twitter.com/realDonaldTrump/status/1694886846050771321#m
Donald J. Trump,87173514,51,1:46 PM - 18 Mar 2009,"Jan 8, 2021 ¬∑ 3:44 PM UTC","To all of those who have asked, I will not be going to the Inauguration on January 20th.",88,697553,98966,85033,335166,https://twitter.com/realDonaldTrump/status/1347569870578266115#m
Donald J. Trump,87173514,51,1:46 PM - 18 Mar 2009,"Jan 8, 2021 ¬∑ 2:46 PM UTC","The 75,000,000 great American Patriots who voted for me, AMERICA FIRST, and MAKE AMERICA GREAT AGAIN, will have a GIANT VOICE long into the future. They will not be disrespected or treated unfairly in any way, shape or form!!!",226,599266,28842,100096,143334,https://twitter.com/realDonaldTrump/status/1347555316863553542#m
Donald J. Trump,87173514,51,1:46 PM - 18 Mar 2009,"Jan 8, 2021 ¬∑ 12:10 AM UTC",,0,683989,74633,136792,206518,https://twitter.com/realDonaldTrump/status/1347334804052844550#m
Donald J. Trump,87173514,51,1:46 PM - 18 Mar 2009,"Jan 6, 2021 ¬∑ 8:13 PM UTC","I am asking for everyone at the U.S. Capitol to remain peaceful. No violence! Remember, WE are the Party of Law & Order ‚Äì respect the Law and our great men and women in Blue. Thank you!",185,770460,69488,177458,350711,https://twitter.com/realDonaldTrump/status/1346912780700577792#m
Donald J. Trump,87173514,51,1:46 PM - 18 Mar 2009,"Jan 6, 2021 ¬∑ 7:38 PM UTC",Please support our Capitol Police and Law Enforcement. They are truly on the side of our Country. Stay peaceful!,112,556062,38120,96709,173268,https://twitter.com/realDonaldTrump/status/1346904110969315332#m
Donald J. Trump,87173514,51,1:46 PM - 18 Mar 2009,"Jan 6, 2021 ¬∑ 6:49 PM UTC",https://www.pscp.tv/w/csSqbjEyMzE3NDF8MWVhSmJud2dFUlhKWKJcpg9nsKi-sFLemhMEgYYq-cmxc0wIEwqA_gcIlK6f?t=3h32m2s,108,233753,4656,47476,34179,https://twitter.com/realDonaldTrump/status/1346891760174329859#m
Donald J. Trump,87173514,51,1:46 PM - 18 Mar 2009,"Jan 6, 2021 ¬∑ 3:44 PM UTC",These scoundrels are only toying with the @sendavidperdue (a great guy) vote. Just didn‚Äôt want to announce quite yet. They‚Äôve got as many ballots as are necessary. Rigged Election!,180,203394,3481,35047,43588,https://twitter.com/realDonaldTrump/status/1346845109736845318#m
Donald J. Trump,87173514,51,1:46 PM - 18 Mar 2009,"Jan 6, 2021 ¬∑ 2:16 PM UTC",Even Mexico uses Voter I.D.,27,413387,11879,60385,47325,https://twitter.com/realDonaldTrump/status/1346822958006886400#m
Donald J. Trump,87173514,51,1:46 PM - 18 Mar 2009,"Jan 6, 2021 ¬∑ 2:15 PM UTC",The States want to redo their votes. They found out they voted on a FRAUD. Legislatures never approved. Let them do it. BE STRONG!,130,245097,4020,43189,32519,https://twitter.com/realDonaldTrump/status/1346822610957561858#m
Donald J. Trump,87173514,51,1:46 PM - 18 Mar 2009,"Jan 6, 2021 ¬∑ 2:00 PM UTC","They just happened to find 50,000 ballots late last night. The USA is embarrassed by fools. Our Election Process is worse than that of third world countries!",157,303348,8717,59727,52120,https://twitter.com/realDonaldTrump/status/1346818855298072576#m
Donald J. Trump,87173514,51,1:46 PM - 18 Mar 2009,"Jan 6, 2021 ¬∑ 1:22 PM UTC","THE REPUBLICAN PARTY AND, MORE IMPORTANTLY, OUR COUNTRY, NEEDS THE PRESIDENCY MORE THAN EVER BEFORE - THE POWER OF THE VETO. STAY STRONG!",137,272772,5976,40688,43769,https://twitter.com/realDonaldTrump/status/1346809349214248962#m
Donald J. Trump,87173514,51,1:46 PM - 18 Mar 2009,"Jan 6, 2021 ¬∑ 1:17 PM UTC","States want to correct their votes, which they now know were based on irregularities and fraud, plus corrupt process never received legislative approval.  All Mike Pence has to do is send them back to the States, AND WE WIN. Do it Mike, this is a time for extreme courage!",272,197668,6355,38827,28332,https://twitter.com/realDonaldTrump/status/1346808075626426371#m
Donald J. Trump,87173514,51,1:46 PM - 18 Mar 2009,"Jan 6, 2021 ¬∑ 1:06 PM UTC",Sleepy Eyes Chuck Todd is so happy with the fake voter tabulation process that he can‚Äôt even get the words out straight. Sad to watch!,134,152500,1852,22416,18519,https://twitter.com/realDonaldTrump/status/1346805405998075905#m
Donald J. Trump,87173514,51,1:46 PM - 18 Mar 2009,"Jan 6, 2021 ¬∑ 6:00 AM UTC","If Vice President @Mike_Pence comes through for us, we will win the Presidency. Many States want to decertify the mistake they made in certifying incorrect & even fraudulent numbers in a process  NOT approved by their State Legislatures (which it must be). Mike can send it back!",279,216558,10838,41444,64353,https://twitter.com/realDonaldTrump/status/1346698217304584192#m
Dan Scavino Jr.üá∫üá∏ü¶Ö,87173514,51,1:46 PM - 18 Mar 2009,"Jan 5, 2021 ¬∑ 10:30 PM UTC",üîäWOW! We hear you from the West Wing‚ÄîTHANK YOU‚ù§Ô∏èüá∫üá∏ü¶Ö,51,128091,2899,25562,8799,https://twitter.com/DanScavino/status/1346584866964598785#m
Christina Bobb,87173514,51,1:46 PM - 18 Mar 2009,"Jan 6, 2021 ¬∑ 1:58 AM UTC",Pennsylvania is going to Trump.  The legislators have spoken.,61,111005,1429,16947,14984,https://twitter.com/christina_bobb/status/1346637334448631808#m
Donald J. Trump,87173514,51,1:46 PM - 18 Mar 2009,"Jan 6, 2021 ¬∑ 5:43 AM UTC",Get smart Republicans. FIGHT!,29,98953,1610,15941,11209,https://twitter.com/realDonaldTrump/status/1346693906990305280#m
Tomi Lahren,87173514,51,1:46 PM - 18 Mar 2009,"Jan 6, 2021 ¬∑ 3:10 AM UTC",I wonder when the water main is gonna burst in Georgia....,58,67616,649,7369,8060,https://twitter.com/TomiLahren/status/1346655233531899905#m
Tomi Lahren,87173514,51,1:46 PM - 18 Mar 2009,"Jan 6, 2021 ¬∑ 4:06 AM UTC",Democrats scrounging up votes from mystical places again....,60,57604,1954,8586,12008,https://twitter.com/TomiLahren/status/1346669415304196096#m
Tomi Lahren,87173514,51,1:46 PM - 18 Mar 2009,"Jan 6, 2021 ¬∑ 4:25 AM UTC",The steal is in the making in Georgia. Wait for it.,51,79193,1372,11167,10383,https://twitter.com/TomiLahren/status/1346674133111865347#m
Kayleigh McEnany,87173514,51,1:46 PM - 18 Mar 2009,"Jan 6, 2021 ¬∑ 4:40 AM UTC","Why are they stopping the vote count in Democrat Chatham county, Georgia?  This sounds familiar! ü§®",98,104722,2177,19304,17261,https://twitter.com/kayleighmcenany/status/1346678041955676167#m
Donald J. Trump,87173514,51,1:46 PM - 18 Mar 2009,"Jan 6, 2021 ¬∑ 5:08 AM UTC",Just happened to have found another 4000 ballots from Fulton County. Here we go!,80,224295,5881,40593,34631,https://twitter.com/realDonaldTrump/status/1346685023861272580#m
Donald J. Trump,87173514,51,1:46 PM - 18 Mar 2009,"Jan 6, 2021 ¬∑ 3:28 AM UTC",Looks like they are setting up a big ‚Äúvoter dump‚Äù against the Republican candidates. Waiting to see how many votes they need?,125,236316,9068,43641,49090,https://twitter.com/realDonaldTrump/status/1346659909492998146#m
Donald J. Trump,87173514,51,1:46 PM - 18 Mar 2009,"Jan 6, 2021 ¬∑ 2:59 AM UTC",BIG NEWS IN PENNSYLVANIA!,25,193055,4583,42796,16811,https://twitter.com/realDonaldTrump/status/1346652589673345024#m
Rep. Jim Jordan,87173514,51,1:46 PM - 18 Mar 2009,"Jan 5, 2021 ¬∑ 6:09 PM UTC","For nine weeks, Democrats have been afraid to have a real debate on election integrity.   Why?",94,99329,2660,23301,19781,https://twitter.com/Jim_Jordan/status/1346519208558002176#m
Donald J. Trump,87173514,51,1:46 PM - 18 Mar 2009,"Jan 5, 2021 ¬∑ 10:43 PM UTC",I will be speaking at the SAVE AMERICA RALLY tomorrow on the Ellipse at 11AM Eastern. Arrive early ‚Äî doors open at 7AM Eastern. BIG CROWDS!,139,135036,3634,28385,29759,https://twitter.com/realDonaldTrump/status/1346588064026685443#m
Donald J. Trump,87173514,51,1:46 PM - 18 Mar 2009,"Jan 5, 2021 ¬∑ 10:25 PM UTC","Antifa is a Terrorist Organization, stay out of Washington. Law enforcement is watching you very closely! @DeptofDefense @TheJusticeDept @DHSgov @DHS_Wolf @SecBernhardt @SecretService @FBI",188,194049,5721,39866,31056,https://twitter.com/realDonaldTrump/status/1346583537256976385#m
Donald J. Trump,87173514,51,1:46 PM - 18 Mar 2009,"Jan 5, 2021 ¬∑ 10:12 PM UTC","I hope the Democrats, and even more importantly, the weak and ineffective RINO section of the Republican Party, are looking at the thousands of people pouring into D.C. They won‚Äôt stand for a landslide election victory to be stolen. @senatemajldr @JohnCornyn @SenJohnThune",272,143172,4415,29459,28098,https://twitter.com/realDonaldTrump/status/1346580318745206785#m
Donald J. Trump,87173514,51,1:46 PM - 18 Mar 2009,"Jan 5, 2021 ¬∑ 10:05 PM UTC","Washington is being inundated with people who don‚Äôt want to see an election victory stolen by emboldened Radical Left Democrats. Our Country has had enough, they won‚Äôt take it anymore! We hear you (and love you) from the Oval Office. MAKE AMERICA GREAT AGAIN!",259,226430,4833,45728,27401,https://twitter.com/realDonaldTrump/status/1346578706437963777#m
Donald J. Trump,87173514,51,1:46 PM - 18 Mar 2009,"Jan 5, 2021 ¬∑ 7:25 PM UTC",GEORGIA! Get out today and VOTE for @KLoeffler and @Perduesenate!,65,119969,1322,19320,12622,https://twitter.com/realDonaldTrump/status/1346538317807034373#m
Donald J. Trump,87173514,51,1:46 PM - 18 Mar 2009,"Jan 5, 2021 ¬∑ 6:18 PM UTC","Reports are coming out of the 12th Congressional District of Georgia that Dominion Machines are not working in certain Republican Strongholds for over an hour. Ballots are being left in lock boxes, hopefully they count them. Thank you Congressman @RickAllen!",258,135501,3768,30734,22851,https://twitter.com/realDonaldTrump/status/1346521447649390606#m
David Perdue,87173514,51,1:46 PM - 18 Mar 2009,"Jan 5, 2021 ¬∑ 3:10 PM UTC","Thank you, @realDonaldTrump. Go vote, Georgia!",46,39730,275,6305,3819,https://twitter.com/DavidPerdueGA/status/1346474136499994625#m
Kelly Loeffler,87173514,51,1:46 PM - 18 Mar 2009,"Jan 5, 2021 ¬∑ 3:35 PM UTC","Georgia, we have a job to do TODAY.¬†  We have to STOP socialism.¬†  We have to PROTECT the American Dream.¬†  We have to SAVE our country!¬†  VOTE! #gapol #gasen",158,31762,563,6234,6426,https://twitter.com/KLoeffler/status/1346480367948111873#m
Kelly Loeffler,87173514,51,1:46 PM - 18 Mar 2009,"Jan 5, 2021 ¬∑ 5:31 PM UTC","It‚Äôs lunchtime. Have you voted yet?   If you haven‚Äôt ‚Äî GO VOTE and bring 10 people know!   If you have ‚Äî call your family, friends, and neighbors to make sure they have too! #gapol #gasen",187,28956,332,5048,4708,https://twitter.com/KLoeffler/status/1346509531321430023#m
David Perdue,87173514,51,1:46 PM - 18 Mar 2009,"Jan 5, 2021 ¬∑ 4:16 PM UTC",The Trump family is right ‚Äî we need YOU to get out and vote today to defend our majority and defend America! #GASen #gapol,122,27690,355,5447,3382,https://twitter.com/DavidPerdueGA/status/1346490711735214082#m
Donald J. Trump,87173514,51,1:46 PM - 18 Mar 2009,"Jan 5, 2021 ¬∑ 4:06 PM UTC",The Vice President has the power to reject fraudulently chosen electors.,72,309690,16765,53073,81058,https://twitter.com/realDonaldTrump/status/1346488314157797389#m
Donald J. Trump,87173514,51,1:46 PM - 18 Mar 2009,"Jan 5, 2021 ¬∑ 3:27 PM UTC",See you in D.C.,15,85126,1062,13060,8728,https://twitter.com/realDonaldTrump/status/1346478482105069568#m
Donald J. Trump,87173514,51,1:46 PM - 18 Mar 2009,"Jan 5, 2021 ¬∑ 3:02 PM UTC","Georgia, get out and VOTE for two great Senators, @KLoeffler and @sendavidperdue. So important to do so!",104,150491,1372,23471,12688,https://twitter.com/realDonaldTrump/status/1346472111603216385#m
Donald J. Trump,87173514,51,1:46 PM - 18 Mar 2009,"Jan 5, 2021 ¬∑ 2:50 PM UTC","Pleased to announce that @KLoeffler & @sendavidperdue have just joined our great #StopTheSteal group of Senators. They will fight the ridiculous Electoral College Certification of Biden. How do you certify numbers that have now proven to be wrong and, in many cases, fraudulent!",278,118939,2083,23366,15937,https://twitter.com/realDonaldTrump/status/1346469204740902915#m
Narendra Modi,98161447,2666,5:18 PM - 10 Jan 2009,"May 30, 2024 ¬∑ 11:07 AM UTC",‡®π‡©Å‡®∏‡®º‡®ø‡®Ü‡®∞‡®™‡©Å‡®∞ ‡®µ‡®ø‡©±‡®ö ‡®≤‡©ã‡®ï‡®æ‡®Ç ‡®¶‡©á ‡®≠‡®∞‡®µ‡©á‡®Ç ‡®∏‡®Æ‡®∞‡®•‡®® ‡®§‡©ã‡®Ç ‡®∏‡®™‡®∏‡®º‡®ü ‡®π‡©à ‡®ï‡®ø ‡®™‡©∞‡®ú‡®æ‡®¨ ‡®∏‡®Æ‡©á‡®§ ‡®¶‡©á‡®∏‡®º ‡®≠‡®∞ ‡®µ‡®ø‡©±‡®ö ‡®≠‡®æ‡®ú‡®™‡®æ-‡®ê‡©±‡®®‡®°‡©Ä‡®è ‡®¶‡©Ä ‡®¨‡©á‡®Æ‡®ø‡®∏‡®æ‡®≤ ‡®ú‡®ø‡©±‡®§ ‡®π‡©ã‡®£ ‡®ú‡®æ ‡®∞‡®π‡©Ä ‡®π‡©à‡•§,120,14435,24,2583,618,https://twitter.com/narendramodi/status/1796136438968267038#m
Narendra Modi,98161447,2666,5:18 PM - 10 Jan 2009,"May 30, 2024 ¬∑ 11:06 AM UTC",‡®ó‡©Å‡®∞‡©Ç ‡®∞‡®µ‡®ø‡®¶‡®æ‡®∏ ‡®ú‡©Ä ‡®®‡®æ‡®≤ ‡®ú‡©Å‡©ú‡©Ä ‡®µ‡®ø‡®∞‡®æ‡®∏‡®§ ‡®®‡©Ç‡©∞ ‡®¶‡®ø‡®µ‡®Ø ‡®Ö‡®§‡©á ‡®∏‡®º‡®æ‡®®‡®¶‡®æ‡®∞ ‡®¨‡®£‡®æ‡®â‡®£ ‡®¶‡®æ ‡®∏‡®æ‡®°‡®æ ‡®∏‡©∞‡®ï‡®≤‡®™ ‡®π‡©à‡•§ ‡®Æ‡©á‡®∞‡©Ä ‡®á‡©±‡®õ‡®æ ‡®π‡©à ‡®ï‡®ø ‡®Ü‡®¶‡®Æ‡®™‡©Å‡®∞ ‡®π‡®µ‡®æ‡®à ‡®Ö‡©±‡®°‡©á ‡®¶‡®æ ‡®®‡®æ‡®Ç ‡®µ‡©Ä ‡®â‡®®‡©ç‡®π‡®æ‡®Ç ‡®¶‡©á ‡®®‡®æ‡®Ç '‡®§‡©á ‡®∞‡©±‡®ñ‡®ø‡®Ü ‡®ú‡®æ‡®µ‡©á‡•§,148,7114,16,1778,327,https://twitter.com/narendramodi/status/1796136210336743613#m
Narendra Modi,98161447,2666,5:18 PM - 10 Jan 2009,"May 30, 2024 ¬∑ 10:59 AM UTC","‡®ï‡®æ‡®Ç‡®ó‡®∞‡®∏ ‡®®‡©á ‡®¶‡©á‡®∏‡®º ‡®¶‡©Ä ‡®´‡®º‡©å‡®ú ‡®¶‡©Ä‡®Ü‡®Ç ‡®≤‡©ã‡©ú‡®æ‡®Ç ‡®®‡©Ç‡©∞ ‡®µ‡©Ä ‡®Ü‡®™‡®£‡©Ä ‡®ó‡®º‡©à‡®∞-‡®ï‡®æ‡®®‡©Ç‡©∞‡®®‡©Ä ‡®Ü‡®Æ‡®¶‡®® ‡®¶‡®æ ‡®ú‡®º‡®∞‡©Ä‡®Ü ‡®¨‡®£‡®æ ‡®¶‡®ø‡©±‡®§‡®æ, ‡®ú‡®¶‡©ã‡®Ç ‡®ï‡®ø ‡®Æ‡©ã‡®¶‡©Ä ‡®Ö‡©±‡®ú ‡®∏‡®æ‡®°‡©Ä‡®Ü‡®Ç ‡®´‡®º‡©å‡®ú‡®æ‡®Ç ‡®®‡©Ç‡©∞ ‡®Ö‡®§‡®ø-‡®Ü‡®ß‡©Å‡®®‡®ø‡®ï ‡®Ö‡®§‡©á ‡®Ü‡®§‡®Æ-‡®®‡®ø‡®∞‡®≠‡®∞ ‡®¨‡®£‡®æ‡®â‡®£ ‡®µ‡®ø‡©±‡®ö ‡®ú‡©Å‡®ü‡©á ‡®π‡®®‡•§",163,6107,18,1606,223,https://twitter.com/narendramodi/status/1796134324862951761#m
Narendra Modi,98161447,2666,5:18 PM - 10 Jan 2009,"May 30, 2024 ¬∑ 10:58 AM UTC","‡®ï‡©±‡®ü‡©ú ‡®≠‡©ç‡®∞‡®ø‡®∏‡®º‡®ü‡®æ‡®ö‡®æ‡®∞‡©Ä‡®Ü‡®Ç ‡®¶‡©Ä ‡®™‡®æ‡®∞‡®ü‡©Ä ‡®≠‡©ç‡®∞‡®ø‡®∏‡®º‡®ü‡®æ‡®ö‡®æ‡®∞ ‡®¶‡©Ä ‡®ú‡®®‡®®‡©Ä ‡®ï‡®æ‡®Ç‡®ó‡®∞‡®∏ ‡®¶‡©Ä ‡®ï‡©Å‡©±‡®ñ‡©ã‡®Ç ‡®π‡©Ä ‡®™‡©à‡®¶‡®æ ‡®π‡©ã‡®à ‡®π‡©à, ‡®á‡®∏ ‡®≤‡®à ‡®™‡©∞‡®ú‡®æ‡®¨ ‡®¶‡©á ‡®Æ‡©á‡®∞‡©á ‡®≠‡©à‡®£-‡®≠‡®∞‡®æ‡®µ‡®æ‡®Ç ‡®®‡©Ç‡©∞ ‡®¶‡©ã‡®µ‡®æ‡®Ç ‡®§‡©ã‡®Ç ‡®¨‡®π‡©Å‡®§ ‡®∏‡®æ‡®µ‡®ß‡®æ‡®® ‡®∞‡®π‡®ø‡®£‡®æ ‡®π‡©à‡•§",148,5892,24,1590,196,https://twitter.com/narendramodi/status/1796134095363133516#m
Narendra Modi,98161447,2666,5:18 PM - 10 Jan 2009,"May 30, 2024 ¬∑ 10:57 AM UTC",‡®Ü‡®™‡®£‡©á ‡®§‡©Ä‡®ú‡©á ‡®ï‡®æ‡®∞‡®ú‡®ï‡®æ‡®≤ ‡®µ‡®ø‡©±‡®ö ‡®µ‡©Ä ‡®Ö‡®∏‡©Ä‡®Ç ‡®ó‡©Å‡®∞‡©Ç ‡®∞‡®µ‡®ø‡®¶‡®æ‡®∏ ‡®ú‡©Ä ‡®¶‡©Ä‡®Ü‡®Ç ‡®∏‡®ø‡©±‡®ñ‡®ø‡®Ü‡®µ‡®æ‡®Ç ‡®§‡©ã‡®Ç ‡®™‡©ç‡®∞‡©á‡®∞‡®®‡®æ ‡®≤‡©à ‡®ï‡©á ‡®¶‡©á‡®∏‡®º ‡®¶‡©á ‡®∏‡®∞‡®¨‡®™‡©±‡®ñ‡©Ä ‡®µ‡®ø‡®ï‡®æ‡®∏ ‡®Ö‡®§‡©á ‡®≤‡©ã‡®ï-‡®≠‡®≤‡®æ‡®à ‡®¶‡©á ‡®ï‡®æ‡®∞‡®ú‡®æ‡®Ç ‡®µ‡®ø‡©±‡®ö ‡®™‡©Ç‡®∞‡©Ä ‡®∏‡©á‡®µ‡®æ ‡®≠‡®æ‡®µ‡®®‡®æ ‡®®‡®æ‡®≤ ‡®≤‡©±‡®ó‡©á ‡®∞‡®π‡®æ‡®Ç‡®ó‡©á‡•§,161,6674,19,1707,173,https://twitter.com/narendramodi/status/1796133734871089639#m
Narendra Modi,98161447,2666,5:18 PM - 10 Jan 2009,"May 30, 2024 ¬∑ 10:55 AM UTC",‡®¨‡®π‡®æ‡®¶‡®∞‡®æ‡®Ç ‡®¶‡©Ä ‡®ß‡®∞‡®§‡©Ä ‡®™‡©∞‡®ú‡®æ‡®¨ ‡®®‡©Ç‡©∞ ‡®≠‡®≤‡©Ä-‡®≠‡®æ‡®Ç‡®§ ‡®™‡®§‡®æ ‡®π‡©à ‡®ï‡®ø ‡®¶‡©á‡®∏‡®º ‡®µ‡®ø‡©±‡®ö ‡®Æ‡®ú‡®º‡®¨‡©Ç‡®§ ‡®∏‡®∞‡®ï‡®æ‡®∞ ‡®π‡©ã‡®£ ‡®¶‡®æ ‡®Æ‡®§‡®≤‡®¨ ‡®á‡®π ‡®π‡©Å‡©∞‡®¶‡®æ ‡®π‡©à...,94,6095,15,1532,171,https://twitter.com/narendramodi/status/1796133443408924881#m
Narendra Modi,98161447,2666,5:18 PM - 10 Jan 2009,"May 30, 2024 ¬∑ 10:42 AM UTC","‡§ï‡§æ‡§Ç‡§ó‡•ç‡§∞‡•á‡§∏ ‡§®‡•á ‡§¶‡•á‡§∂ ‡§ï‡•Ä ‡§∏‡•á‡§®‡§æ ‡§ï‡•Ä ‡§ú‡§∞‡•Ç‡§∞‡§§‡•ã‡§Ç ‡§ï‡•ã ‡§≠‡•Ä ‡§Ö‡§™‡§®‡•Ä ‡§Ö‡§µ‡•à‡§ß ‡§ï‡§Æ‡§æ‡§à ‡§ï‡§æ ‡§ú‡§∞‡§ø‡§Ø‡§æ ‡§¨‡§®‡§æ ‡§¶‡§ø‡§Ø‡§æ, ‡§µ‡§π‡•Ä‡§Ç ‡§Æ‡•ã‡§¶‡•Ä ‡§Ü‡§ú ‡§π‡§Æ‡§æ‡§∞‡•Ä ‡§∏‡•á‡§®‡§æ‡§ì‡§Ç ‡§ï‡•ã ‡§Ö‡§§‡•ç‡§Ø‡§æ‡§ß‡•Å‡§®‡§ø‡§ï ‡§î‡§∞ ‡§Ü‡§§‡•ç‡§Æ‡§®‡§ø‡§∞‡•ç‡§≠‡§∞ ‡§¨‡§®‡§æ‡§®‡•á ‡§Æ‡•á‡§Ç ‡§ú‡•Å‡§ü‡§æ ‡§π‡•à‡•§",147,13895,66,3945,675,https://twitter.com/narendramodi/status/1796130045330600084#m
Narendra Modi,98161447,2666,5:18 PM - 10 Jan 2009,"May 30, 2024 ¬∑ 10:20 AM UTC",‡§π‡•ã‡§∂‡§ø‡§Ø‡§æ‡§∞‡§™‡•Å‡§∞ ‡§Æ‡•á‡§Ç ‡§ú‡§®‡§§‡§æ-‡§ú‡§®‡§æ‡§∞‡•ç‡§¶‡§® ‡§ï‡•á ‡§Ö‡§™‡§æ‡§∞ ‡§∏‡§Æ‡§∞‡•ç‡§•‡§® ‡§∏‡•á ‡§∏‡§æ‡§´ ‡§π‡•à ‡§ï‡§ø ‡§™‡§Ç‡§ú‡§æ‡§¨ ‡§∏‡§π‡§ø‡§§ ‡§¶‡•á‡§∂‡§≠‡§∞ ‡§Æ‡•á‡§Ç ‡§≠‡§æ‡§ú‡§™‡§æ-‡§è‡§®‡§°‡•Ä‡§è ‡§ï‡•Ä ‡§Ö‡§≠‡•Ç‡§§‡§™‡•Ç‡§∞‡•ç‡§µ ‡§µ‡§ø‡§ú‡§Ø ‡§π‡•ã‡§®‡•á ‡§ú‡§æ ‡§∞‡§π‡•Ä ‡§π‡•à‡•§,122,27105,56,4909,560,https://twitter.com/narendramodi/status/1796124499777044913#m
Narendra Modi,98161447,2666,5:18 PM - 10 Jan 2009,"May 30, 2024 ¬∑ 10:18 AM UTC","‡§ï‡§ü‡•ç‡§ü‡§∞ ‡§≠‡•ç‡§∞‡§∑‡•ç‡§ü‡§æ‡§ö‡§æ‡§∞‡§ø‡§Ø‡•ã‡§Ç ‡§ï‡•Ä ‡§™‡§æ‡§∞‡•ç‡§ü‡•Ä ‡§≠‡•ç‡§∞‡§∑‡•ç‡§ü‡§æ‡§ö‡§æ‡§∞ ‡§ï‡•Ä ‡§ú‡§®‡§®‡•Ä ‡§ï‡§æ‡§Ç‡§ó‡•ç‡§∞‡•á‡§∏ ‡§ï‡•Ä ‡§ï‡•ã‡§ñ ‡§∏‡•á ‡§π‡•Ä ‡§™‡•à‡§¶‡§æ ‡§π‡•Å‡§à ‡§π‡•à, ‡§á‡§∏‡§≤‡§ø‡§è ‡§™‡§Ç‡§ú‡§æ‡§¨ ‡§ï‡•á ‡§Æ‡•á‡§∞‡•á ‡§≠‡§æ‡§à-‡§¨‡§π‡§®‡•ã‡§Ç ‡§ï‡•ã ‡§¶‡•ã‡§®‡•ã‡§Ç ‡§∏‡•á ‡§¨‡§π‡•Å‡§§ ‡§∏‡§æ‡§µ‡§ß‡§æ‡§® ‡§∞‡§π‡§®‡§æ ‡§π‡•à‡•§",147,12011,81,3324,786,https://twitter.com/narendramodi/status/1796124026332381677#m
Narendra Modi,98161447,2666,5:18 PM - 10 Jan 2009,"May 30, 2024 ¬∑ 10:17 AM UTC",‡§ó‡•Å‡§∞‡•Å ‡§∞‡§µ‡§ø‡§¶‡§æ‡§∏ ‡§ú‡•Ä ‡§∏‡•á ‡§ú‡•Å‡§°‡§º‡•Ä ‡§µ‡§ø‡§∞‡§æ‡§∏‡§§ ‡§ï‡•ã ‡§¶‡§ø‡§µ‡•ç‡§Ø ‡§î‡§∞ ‡§≠‡§µ‡•ç‡§Ø ‡§¨‡§®‡§æ‡§®‡§æ ‡§π‡§Æ‡§æ‡§∞‡§æ ‡§∏‡§Ç‡§ï‡§≤‡•ç‡§™ ‡§π‡•à‡•§ ‡§Æ‡•á‡§∞‡•Ä ‡§á‡§ö‡•ç‡§õ‡§æ ‡§π‡•à ‡§ï‡§ø ‡§Ü‡§¶‡§Æ‡§™‡•Å‡§∞ ‡§è‡§Ø‡§∞‡§™‡•ã‡§∞‡•ç‡§ü ‡§ï‡§æ ‡§®‡§æ‡§Æ ‡§≠‡•Ä ‡§â‡§®‡§ï‡•á ‡§®‡§æ‡§Æ ‡§™‡§∞ ‡§∞‡§ñ‡§æ ‡§ú‡§æ‡§è‡•§,134,9238,26,2440,212,https://twitter.com/narendramodi/status/1796123804818665825#m
Narendra Modi,98161447,2666,5:18 PM - 10 Jan 2009,"May 30, 2024 ¬∑ 10:16 AM UTC",‡§Ö‡§™‡§®‡•á ‡§§‡•Ä‡§∏‡§∞‡•á ‡§ï‡§æ‡§∞‡•ç‡§Ø‡§ï‡§æ‡§≤ ‡§Æ‡•á‡§Ç ‡§≠‡•Ä ‡§π‡§Æ ‡§ó‡•Å‡§∞‡•Å ‡§∞‡§µ‡§ø‡§¶‡§æ‡§∏ ‡§ú‡•Ä ‡§ï‡•Ä ‡§∏‡•Ä‡§ñ ‡§∏‡•á ‡§™‡•ç‡§∞‡•á‡§∞‡§£‡§æ ‡§≤‡•á‡§ï‡§∞ ‡§¶‡•á‡§∂ ‡§ï‡•á ‡§ö‡•å‡§§‡§∞‡§´‡§æ ‡§µ‡§ø‡§ï‡§æ‡§∏ ‡§î‡§∞ ‡§ú‡§®‡§ï‡§≤‡•ç‡§Ø‡§æ‡§£ ‡§ï‡•á ‡§ï‡§æ‡§∞‡•ç‡§Ø‡•ã‡§Ç ‡§Æ‡•á‡§Ç ‡§™‡•Ç‡§∞‡•á ‡§∏‡•á‡§µ‡§æ‡§≠‡§æ‡§µ ‡§∏‡•á ‡§ú‡•Å‡§ü‡•á ‡§∞‡§π‡•á‡§Ç‡§ó‡•á‡•§,143,9747,36,2506,311,https://twitter.com/narendramodi/status/1796123578041057310#m
Narendra Modi,98161447,2666,5:18 PM - 10 Jan 2009,"May 30, 2024 ¬∑ 10:15 AM UTC",‡§µ‡•Ä‡§∞-‡§™‡§∞‡§æ‡§ï‡•ç‡§∞‡§Æ‡§ø‡§Ø‡•ã‡§Ç ‡§ï‡•Ä ‡§ß‡§∞‡§§‡•Ä ‡§™‡§Ç‡§ú‡§æ‡§¨ ‡§ï‡•ã ‡§¨‡§ñ‡•Ç‡§¨‡•Ä ‡§™‡§§‡§æ ‡§π‡•à ‡§ï‡§ø ‡§¶‡•á‡§∂ ‡§Æ‡•á‡§Ç ‡§¶‡§Æ‡§¶‡§æ‡§∞ ‡§∏‡§∞‡§ï‡§æ‡§∞ ‡§π‡•ã‡§®‡•á ‡§ï‡§æ ‡§Æ‡§§‡§≤‡§¨ ‡§Ø‡§π ‡§π‡•ã‡§§‡§æ ‡§π‡•à‚Ä¶,93,10222,30,2582,298,https://twitter.com/narendramodi/status/1796123365863809152#m
Narendra Modi,98161447,2666,5:18 PM - 10 Jan 2009,"May 30, 2024 ¬∑ 9:30 AM UTC",‡§ï‡§æ‡§∂‡•Ä ‡§ï‡•á ‡§∏‡§≠‡•Ä ‡§™‡§∞‡§ø‡§µ‡§æ‡§∞‡§ú‡§®‡•ã‡§Ç ‡§ï‡•ã ‡§Æ‡•á‡§∞‡§æ ‡§™‡•ç‡§∞‡§£‡§æ‡§Æ‡•§ üôè  https://x.com/i/broadcasts/1YqJDgeVnEkGV,82,16582,73,4675,643,https://twitter.com/narendramodi/status/1796111993906106432#m
Narendra Modi,98161447,2666,5:18 PM - 10 Jan 2009,"May 30, 2024 ¬∑ 7:56 AM UTC","Happy Goa Statehood Day!  India is proud of the vibrant culture, rich heritage and breathtaking beauty of Goa. The state's commitment to preserving its natural beauty while embracing modernity sets a remarkable example for sustainable development.  We will continue to support and promote Goa's growth and prosperity. May the state achieve new heights in every field.",367,20031,35,2850,395,https://twitter.com/narendramodi/status/1796088397825474759#m
Narendra Modi,98161447,2666,5:18 PM - 10 Jan 2009,"May 30, 2024 ¬∑ 7:51 AM UTC",Absolutely!  The Delhi-Mumbai expressway is a testament to India's rapid infrastructural growth. Such advancements are paving the way for a more connected and prosperous nation.,177,75624,124,12530,1279,https://twitter.com/narendramodi/status/1796086977420251170#m
Narendra Modi,98161447,2666,5:18 PM - 10 Jan 2009,"May 30, 2024 ¬∑ 7:49 AM UTC",A remarkable feat which will make the entire nation proud!   The successful launch of Agnibaan rocket powered by world‚Äôs first single-piece 3D printed semi-cryogenic engine is a momentous occasion for India‚Äôs space sector and a testament to the remarkable ingenuity of our Yuva Shakti.   My best wishes to the @AgnikulCosmos team for their future endeavours.,358,84672,327,15682,987,https://twitter.com/narendramodi/status/1796086438066569416#m
Narendra Modi,98161447,2666,5:18 PM - 10 Jan 2009,"May 30, 2024 ¬∑ 6:18 AM UTC","Across Punjab, there is incredible talent and potential. Our Party accords the highest priority to giving wings to the aspirations of the people of this state. Watch from Hoshiarpur.  https://x.com/i/broadcasts/1gqGvQoMwWQKB",224,17280,82,4545,734,https://twitter.com/narendramodi/status/1796063647409603037#m
Narendra Modi,98161447,2666,5:18 PM - 10 Jan 2009,"May 29, 2024 ¬∑ 4:27 PM UTC",‡¨¨‡¨æ‡¨≤‡≠á‡¨∂‡≠ç‡≠±‡¨∞‡¨∞‡≠á ‡¨∏‡≠É‡¨∑‡≠ç‡¨ü‡¨ø ‡¨π‡≠ã‡¨á‡¨•‡¨ø‡¨¨‡¨æ ‡¨ú‡¨®‡¨∏‡¨Æ‡≠Å‡¨¶‡≠ç‡¨∞‡¨∞ ‡¨Ö‡¨¶‡≠ç‡¨≠‡≠Ç‡¨§ ‡¨â‡¨§‡≠ç‡¨∏‡¨æ‡¨π ‡¨¶‡¨∞‡≠ç‡¨∂‡¨æ‡¨â‡¨õ‡¨ø ‡¨Ø‡≠á ‡¨¶‡≠á‡¨∂‡¨∞‡≠á ‡¨Æ‡¨ú‡¨≠‡≠Å‡¨§ ‡¨Æ‡≠ã‡¨¶‡≠Ä ‡¨∏‡¨∞‡¨ï‡¨æ‡¨∞ ‡¨∏‡¨π‡¨ø‡¨§ ‡¨ì‡¨°‡¨º‡¨ø‡¨∂‡¨æ‡¨∞‡≠á ‡¨®‡¨ø‡¨∂‡≠ç‡¨ö‡¨ø‡¨§ ‡¨≠‡¨æ‡¨¨‡≠á ‡¨°‡¨¨‡¨≤‡≠ç ‡¨á‡¨û‡≠ç‡¨ú‡¨ø‡¨®‡≠ç ‡¨∏‡¨∞‡¨ï‡¨æ‡¨∞ ‡¨ó‡¨†‡¨® ‡¨π‡≠á‡¨¨‡•§,139,12251,28,2217,512,https://twitter.com/narendramodi/status/1795854410620231773#m
Narendra Modi,98161447,2666,5:18 PM - 10 Jan 2009,"May 29, 2024 ¬∑ 4:26 PM UTC",‡¨ì‡¨°‡¨º‡¨ø‡¨∂‡¨æ‡¨∞‡≠á ‡¨¨‡¨ø‡¨ú‡≠á‡¨™‡¨ø ‡¨∏‡¨∞‡¨ï‡¨æ‡¨∞ ‡¨ó‡¨†‡¨® ‡¨π‡≠á‡¨¨‡¨æ ‡¨™‡¨∞‡≠á ‡¨¨‡¨ø‡¨ú‡≠á‡¨°‡¨ø ‡¨∂‡¨æ‡¨∏‡¨® ‡¨ï‡¨æ‡¨≥‡¨∞‡≠á ‡¨ö‡¨æ‡¨∑‡≠Ä ‡¨≠‡¨æ‡¨á-‡¨≠‡¨â‡¨£‡≠Ä‡¨ô‡≠ç‡¨ï ‡¨∏‡¨π ‡¨π‡≠ã‡¨á‡¨•‡¨ø‡¨¨‡¨æ ‡¨∏‡¨Æ‡¨∏‡≠ç‡¨§ ‡¨ú‡¨æ‡¨≤‡¨ø‡¨Ü‡¨§‡¨ø‡¨∞ ‡¨π‡¨ø‡¨∏‡¨æ‡¨¨ ‡¨ï‡¨∞‡¨æ‡¨Ø‡¨ø‡¨¨‡•§,109,5577,17,1481,252,https://twitter.com/narendramodi/status/1795854115391611167#m
Narendra Modi,98161447,2666,5:18 PM - 10 Jan 2009,"May 29, 2024 ¬∑ 4:25 PM UTC","‡¨Ü‡¨Æ‡≠á ‡¨ì‡¨°‡¨º‡¨ø‡¨∂‡¨æ ‡¨∏‡¨Æ‡≠á‡¨§ ‡¨∏‡¨æ‡¨∞‡¨æ ‡¨¶‡≠á‡¨∂‡¨∞ ‡¨∏‡≠á‡¨π‡¨ø ‡¨Æ‡¨§‡≠ç‡¨∏‡≠ç‡≠ü‡¨ú‡≠Ä‡¨¨‡≠Ä ‡¨≠‡¨æ‡¨á-‡¨≠‡¨â‡¨£‡≠Ä‡¨ô‡≠ç‡¨ï ‡¨∏‡¨Æ‡≠É‡¨¶‡≠ç‡¨ß‡¨ø ‡¨™‡¨æ‡¨á‡¨Å ‡¨®‡¨ø‡¨∞‡¨®‡≠ç‡¨§‡¨∞ ‡¨ï‡¨æ‡¨Æ ‡¨ï‡¨∞‡≠Å‡¨õ‡≠Å, ‡¨Ø‡≠á‡¨â‡¨Å‡¨Æ‡¨æ‡¨®‡≠á ‡¨Ö‡¨®‡≠á‡¨ï ‡¨¶‡¨∂‡¨®‡≠ç‡¨ß‡¨ø ‡¨π‡≠á‡¨¨ ‡¨Ö‡¨¨‡¨π‡≠á‡¨≥‡¨ø‡¨§ ‡¨π‡≠ã‡¨á ‡¨∞‡¨π‡¨ø‡¨•‡¨ø‡¨≤‡≠á‡•§",131,4951,15,1384,249,https://twitter.com/narendramodi/status/1795853895748448341#m
Narendra Modi,98161447,2666,5:18 PM - 10 Jan 2009,"May 29, 2024 ¬∑ 4:24 PM UTC","‡≠ß‡≠¶ ‡¨¨‡¨∞‡≠ç‡¨∑ ‡¨™‡≠Ç‡¨∞‡≠ç‡¨¨‡¨∞‡≠Å ‡¨Ø‡¨æ‡¨π‡¨æ ‡¨Ö‡¨∏‡¨Æ‡≠ç‡¨≠‡¨¨ ‡¨≤‡¨æ‡¨ó‡≠Å‡¨•‡¨ø‡¨≤‡¨æ, ‡¨Ü‡¨Æ‡≠á ‡¨§‡¨æ‚Äô‡¨ï‡≠Å ‡¨∏‡¨Æ‡≠ç‡¨≠‡¨¨ ‡¨ï‡¨∞‡¨ø‡¨õ‡≠Å ‡¨è‡¨¨‡¨Ç ‡¨è‡¨¨‡≠á ‡¨Ü‡¨ó‡¨æ‡¨Æ‡≠Ä ‡¨™‡¨æ‡¨û‡≠ç‡¨ö ‡¨¨‡¨∞‡≠ç‡¨∑ ‡¨Æ‡¨ß‡≠ç‡≠ü‡¨∞‡≠á ‡¨¶‡≠á‡¨∂ ‡¨¨‡¨ø‡¨ï‡¨æ‡¨∂‡¨∞ ‡¨®‡≠Ç‡¨§‡¨® ‡¨∂‡¨ø‡¨ñ‡¨∞ ‡¨õ‡≠Å‡¨á‡¨Å‡¨¨‡•§",119,4805,12,1363,182,https://twitter.com/narendramodi/status/1795853672397545786#m
Narendra Modi,98161447,2666,5:18 PM - 10 Jan 2009,"May 29, 2024 ¬∑ 4:23 PM UTC",‡¨Æ‡≠ü‡≠Ç‡¨∞‡¨≠‡¨û‡≠ç‡¨ú‡¨∞‡≠á ‡¨≠‡¨ø‡¨°‡¨º ‡¨ú‡¨Æ‡¨æ‡¨á‡¨•‡¨ø‡¨¨‡¨æ ‡¨™‡¨∞‡¨ø‡¨¨‡¨æ‡¨∞‡¨ú‡¨®‡¨ô‡≠ç‡¨ï ‡¨Ö‡¨™‡¨æ‡¨∞ ‡¨â‡¨§‡≠ç‡¨∏‡¨æ‡¨π ‡¨Ø‡≠ã‡¨ó‡≠Å‡¨Å ‡¨ì‡¨°‡¨º‡¨ø‡¨∂‡¨æ‡¨∞‡≠á ‡¨¨‡¨ø‡¨ú‡≠á‡¨™‡¨ø ‡¨¨‡¨ø‡¨ú‡≠ü‡¨∞ ‡¨ó‡≠Å‡¨û‡≠ç‡¨ú‡¨∞‡¨£ ‡¨è‡¨¨‡≠á ‡¨†‡¨æ‡¨∞‡≠Å ‡¨∂‡≠Å‡¨≠‡¨ø‡¨≤‡¨æ‡¨£‡¨ø‡•§,103,9414,17,1895,224,https://twitter.com/narendramodi/status/1795853472408932551#m
Narendra Modi,98161447,2666,5:18 PM - 10 Jan 2009,"May 29, 2024 ¬∑ 4:21 PM UTC",‡¨Æ‡≠ü‡≠Ç‡¨∞‡¨≠‡¨û‡≠ç‡¨ú ‡¨è‡¨¨‡¨Ç ‡¨ì‡¨°‡¨º‡¨ø‡¨∂‡¨æ ‡¨∏‡¨Æ‡≠á‡¨§ ‡¨∏‡¨æ‡¨∞‡¨æ ‡¨¶‡≠á‡¨∂‡¨∞‡≠á ‡¨Ü‡¨Æ‡≠á ‡¨¨‡¨ø‡¨ó‡¨§ ‡≠ß‡≠¶ ‡¨¨‡¨∞‡≠ç‡¨∑ ‡¨ß‡¨∞‡¨ø ‡¨Ü‡¨¶‡¨ø‡¨¨‡¨æ‡¨∏‡≠Ä‡¨ô‡≠ç‡¨ï ‡¨ï‡¨≤‡≠ç‡≠ü‡¨æ‡¨£ ‡¨™‡¨æ‡¨á‡¨Å ‡¨∏‡¨Æ‡≠ç‡¨™‡≠Ç‡¨∞‡≠ç‡¨£‡≠ç‡¨£ ‡¨∏‡¨Æ‡¨∞‡≠ç‡¨™‡¨ø‡¨§ ‡¨≠‡¨æ‡¨¨‡¨®‡¨æ ‡¨∏‡¨π ‡¨ï‡¨æ‡¨Æ ‡¨ï‡¨∞‡≠Å‡¨õ‡≠Å‡•§,118,4674,14,1356,177,https://twitter.com/narendramodi/status/1795852975182680350#m
Narendra Modi,98161447,2666,5:18 PM - 10 Jan 2009,"May 29, 2024 ¬∑ 4:20 PM UTC","‡¨ì‡¨°‡¨º‡¨ø‡¨∂‡¨æ‡¨∞‡≠á ‡¨Ü‡¨Æ ‡¨ó‡¨∞‡¨ø‡¨¨ ‡¨≠‡¨æ‡¨á-‡¨≠‡¨â‡¨£‡≠Ä‡¨ô‡≠ç‡¨ï ‡¨≠‡¨∞‡¨∏‡¨æ‡¨ï‡≠Å ‡¨≠‡¨æ‡¨ô‡≠ç‡¨ó‡¨ø ‡¨∏‡≠á‡¨Æ‡¨æ‡¨®‡¨ô‡≠ç‡¨ï‡≠Å ‡¨≤‡≠Å‡¨ü‡¨ø‡¨•‡¨ø‡¨¨‡¨æ ‡¨≤‡≠ã‡¨ï‡¨Æ‡¨æ‡¨®‡≠á ‡¨è‡¨¨‡≠á ‡¨ú‡≠á‡¨≤‡≠ç ‡¨Ø‡¨ø‡¨¨‡¨æ ‡¨•‡≠ü, ‡¨è‡¨π‡¨æ ‡¨Æ‡≠ã‡¨¶‡≠Ä‡¨∞ ‡¨ó‡≠ç‡≠ü‡¨æ‡¨∞‡≠á‡¨£‡≠ç‡¨ü‡¨ø‡•§",109,4335,12,1246,150,https://twitter.com/narendramodi/status/1795852805237850291#m
Narendra Modi,98161447,2666,5:18 PM - 10 Jan 2009,"May 29, 2024 ¬∑ 4:16 PM UTC","Here is an extensive interview with @Openthemag in which I express my thoughts on matters of policy, politics and people‚Äôs welfare.  https://openthemagazine.com/cover-stories/good-governance-is-a-peoples-right-says-narendra-modi/",229,10915,39,2936,448,https://twitter.com/narendramodi/status/1795851775875908041#m
Narendra Modi,98161447,2666,5:18 PM - 10 Jan 2009,"May 29, 2024 ¬∑ 12:15 PM UTC",‡§¨‡§æ‡§≤‡§æ‡§∏‡•ã‡§∞ ‡§Æ‡•á‡§Ç ‡§â‡§Æ‡§°‡§º‡•á ‡§ú‡§®‡§∏‡§æ‡§ó‡§∞ ‡§ï‡§æ ‡§Ö‡§¶‡•ç‡§≠‡•Å‡§§ ‡§ú‡•ã‡§∂ ‡§¨‡§§‡§æ ‡§∞‡§π‡§æ ‡§π‡•à ‡§ï‡§ø ‡§¶‡•á‡§∂ ‡§Æ‡•á‡§Ç ‡§Æ‡§ú‡§¨‡•Ç‡§§ ‡§Æ‡•ã‡§¶‡•Ä ‡§∏‡§∞‡§ï‡§æ‡§∞ ‡§ï‡•á ‡§∏‡§æ‡§•-‡§∏‡§æ‡§• ‡§ì‡§°‡§ø‡§∂‡§æ ‡§Æ‡•á‡§Ç ‡§°‡§¨‡§≤ ‡§á‡§Ç‡§ú‡§® ‡§∏‡§∞‡§ï‡§æ‡§∞ ‡§ï‡§æ ‡§¨‡§®‡§®‡§æ ‡§≠‡•Ä ‡§§‡§Ø ‡§π‡•à‡•§,131,24829,48,4692,636,https://twitter.com/narendramodi/status/1795790971835130018#m
Narendra Modi,98161447,2666,5:18 PM - 10 Jan 2009,"May 29, 2024 ¬∑ 12:13 PM UTC",‡§ì‡§°‡§ø‡§∂‡§æ ‡§Æ‡•á‡§Ç ‡§≠‡§æ‡§ú‡§™‡§æ ‡§∏‡§∞‡§ï‡§æ‡§∞ ‡§¨‡§®‡§§‡•á ‡§π‡•Ä BJD ‡§ï‡•á ‡§∞‡§æ‡§ú ‡§Æ‡•á‡§Ç ‡§ï‡§ø‡§∏‡§æ‡§® ‡§≠‡§æ‡§à-‡§¨‡§π‡§®‡•ã‡§Ç ‡§∏‡•á ‡§π‡•Å‡§è ‡§∏‡§æ‡§∞‡•á ‡§´‡§∞‡•ç‡§ú‡•Ä‡§µ‡§æ‡§°‡§º‡•ã‡§Ç ‡§ï‡§æ ‡§π‡§ø‡§∏‡§æ‡§¨ ‡§ï‡§ø‡§Ø‡§æ ‡§ú‡§æ‡§è‡§ó‡§æ‡•§,105,13022,45,3064,459,https://twitter.com/narendramodi/status/1795790687264182337#m
Narendra Modi,98161447,2666,5:18 PM - 10 Jan 2009,"May 29, 2024 ¬∑ 12:12 PM UTC","‡§π‡§Æ ‡§ì‡§°‡§ø‡§∂‡§æ ‡§∏‡§π‡§ø‡§§ ‡§¶‡•á‡§∂‡§≠‡§∞ ‡§ï‡•á ‡§â‡§® ‡§Æ‡§õ‡•Å‡§Ü‡§∞‡§æ ‡§≠‡§æ‡§à-‡§¨‡§π‡§®‡•ã‡§Ç ‡§ï‡•Ä ‡§∏‡§Æ‡•É‡§¶‡•ç‡§ß‡§ø ‡§ï‡•á ‡§≤‡§ø‡§è ‡§®‡§ø‡§∞‡§Ç‡§§‡§∞ ‡§ú‡•Å‡§ü‡•á ‡§π‡•Å‡§è ‡§π‡•à‡§Ç, ‡§ú‡§ø‡§®‡§ï‡•Ä ‡§¶‡§∂‡§ï‡•ã‡§Ç ‡§§‡§ï ‡§∏‡•Å‡§ß ‡§®‡§π‡•Ä‡§Ç ‡§≤‡•Ä ‡§ó‡§à‡•§",112,6866,16,2099,253,https://twitter.com/narendramodi/status/1795790402101952726#m
Narendra Modi,98161447,2666,5:18 PM - 10 Jan 2009,"May 29, 2024 ¬∑ 12:11 PM UTC","10 ‡§∏‡§æ‡§≤ ‡§™‡§π‡§≤‡•á ‡§ú‡•ã ‡§Ö‡§∏‡§Ç‡§≠‡§µ ‡§≤‡§ó‡§§‡§æ ‡§•‡§æ, ‡§π‡§Æ‡§®‡•á ‡§â‡§∏‡•á ‡§∏‡§Ç‡§≠‡§µ ‡§¨‡§®‡§æ‡§Ø‡§æ ‡§π‡•à ‡§î‡§∞ ‡§Ö‡§¨ ‡§Ü‡§®‡•á ‡§µ‡§æ‡§≤‡•á ‡§™‡§æ‡§Ç‡§ö ‡§∏‡§æ‡§≤ ‡§Æ‡•á‡§Ç ‡§¶‡•á‡§∂ ‡§µ‡§ø‡§ï‡§æ‡§∏ ‡§ï‡•Ä ‡§®‡§à ‡§∞‡§´‡•ç‡§§‡§æ‡§∞ ‡§¶‡•á‡§ñ‡•á‡§ó‡§æ‡•§",111,11895,98,3236,962,https://twitter.com/narendramodi/status/1795790169091535073#m
Narendra Modi,98161447,2666,5:18 PM - 10 Jan 2009,"May 29, 2024 ¬∑ 12:10 PM UTC",‡§Æ‡§Ø‡•Ç‡§∞‡§≠‡§Ç‡§ú ‡§Æ‡•á‡§Ç ‡§â‡§Æ‡§°‡§º‡•á ‡§™‡§∞‡§ø‡§µ‡§æ‡§∞‡§ú‡§®‡•ã‡§Ç ‡§ï‡•á ‡§Ö‡§™‡§æ‡§∞ ‡§â‡§§‡•ç‡§∏‡§æ‡§π ‡§∏‡•á ‡§ì‡§°‡§ø‡§∂‡§æ ‡§Æ‡•á‡§Ç ‡§¨‡•Ä‡§ú‡•á‡§™‡•Ä ‡§ï‡•Ä ‡§µ‡§ø‡§ú‡§Ø ‡§ï‡•Ä ‡§ó‡•Ç‡§Ç‡§ú ‡§Ö‡§≠‡•Ä ‡§∏‡•á ‡§∏‡•Å‡§®‡§æ‡§à ‡§¶‡•á‡§®‡•á ‡§≤‡§ó‡•Ä ‡§π‡•à‡•§,105,19227,28,3720,295,https://twitter.com/narendramodi/status/1795789921879216159#m
Narendra Modi,98161447,2666,5:18 PM - 10 Jan 2009,"May 29, 2024 ¬∑ 12:08 PM UTC","‡§ì‡§°‡§ø‡§∂‡§æ ‡§Æ‡•á‡§Ç ‡§π‡§Æ‡§æ‡§∞‡•á ‡§ó‡§∞‡•Ä‡§¨ ‡§≠‡§æ‡§à-‡§¨‡§π‡§®‡•ã‡§Ç ‡§ï‡•á ‡§≠‡§∞‡•ã‡§∏‡•á ‡§ï‡•ã ‡§§‡•ã‡§°‡§º‡§ï‡§∞ ‡§â‡§®‡•ç‡§π‡•á‡§Ç ‡§≤‡•Ç‡§ü‡§®‡•á ‡§µ‡§æ‡§≤‡•ã‡§Ç ‡§ï‡§æ ‡§Ö‡§¨ ‡§ú‡•á‡§≤ ‡§ú‡§æ‡§®‡§æ ‡§§‡§Ø ‡§π‡•à, ‡§Ø‡•á ‡§Æ‡•ã‡§¶‡•Ä ‡§ï‡•Ä ‡§ó‡§æ‡§∞‡§Ç‡§ü‡•Ä ‡§π‡•à‡•§",112,8396,30,2354,285,https://twitter.com/narendramodi/status/1795789398530720059#m
Narendra Modi,98161447,2666,5:18 PM - 10 Jan 2009,"May 29, 2024 ¬∑ 12:07 PM UTC",‡§Æ‡§Ø‡•Ç‡§∞‡§≠‡§Ç‡§ú ‡§î‡§∞ ‡§ì‡§°‡§ø‡§∂‡§æ ‡§∏‡§π‡§ø‡§§ ‡§¶‡•á‡§∂‡§≠‡§∞ ‡§Æ‡•á‡§Ç ‡§¨‡•Ä‡§§‡•á 10 ‡§µ‡§∞‡•ç‡§∑‡•ã‡§Ç ‡§∏‡•á ‡§π‡§Æ ‡§Ü‡§¶‡§ø‡§µ‡§æ‡§∏‡•Ä ‡§ï‡§≤‡•ç‡§Ø‡§æ‡§£ ‡§ï‡•á ‡§≤‡§ø‡§è ‡§™‡•Ç‡§∞‡•á ‡§∏‡§Æ‡§∞‡•ç‡§™‡§ø‡§§ ‡§≠‡§æ‡§µ ‡§∏‡•á ‡§ú‡•Å‡§ü‡•á ‡§π‡•Å‡§è ‡§π‡•à‡§Ç‡•§,108,7160,15,2014,220,https://twitter.com/narendramodi/status/1795789079730122913#m
Narendra Modi,98161447,2666,5:18 PM - 10 Jan 2009,"May 29, 2024 ¬∑ 11:18 AM UTC",My fourth rally today is in Odisha's Kendrapara. People here are voting for the BJP! https://twitter.com/i/broadcasts/1ypKdkgWNdjxW,131,15858,47,4200,527,https://twitter.com/narendramodi/status/1795776804604530974#m
Narendra Modi,98161447,2666,5:18 PM - 10 Jan 2009,"May 29, 2024 ¬∑ 10:09 AM UTC",‡¶Æ‡¶•‡ßÅ‡¶∞‡¶æ‡¶™‡ßÅ‡¶∞‡ßá ‡¶∏‡¶≠‡¶æ‡¶∞ ‡¶ï‡¶ø‡¶õ‡ßÅ ‡¶ù‡¶≤‡¶ï‡•§ ‡¶ó‡ßã‡¶ü‡¶æ ‡¶™‡¶∂‡ßç‡¶ö‡¶ø‡¶Æ‡¶¨‡¶ô‡ßç‡¶ó‡ßá ‡¶¨‡¶ø‡¶ú‡ßá‡¶™‡¶ø‡¶∞ ‡¶π‡¶æ‡¶ì‡¶Ø‡¶º‡¶æ ‡¶∏‡ßç‡¶™‡¶∑‡ßç‡¶ü‡•§,64,17793,26,2813,326,https://twitter.com/narendramodi/status/1795759385626431750#m
Narendra Modi,98161447,2666,5:18 PM - 10 Jan 2009,"May 29, 2024 ¬∑ 10:08 AM UTC",‡¨ó‡¨§ ‡¨¨‡¨∞‡≠ç‡¨∑ ‡¨®‡¨¨‡≠Ä‡¨® ‡¨¨‡¨æ‡¨¨‡≠Å‡¨ô‡≠ç‡¨ï ‡¨∏‡≠ç‡≠±‡¨æ‡¨∏‡≠ç‡¨•‡≠ç‡≠ü‡¨æ‡¨¨‡¨∏‡≠ç‡¨•‡¨æ ‡¨π‡¨†‡¨æ‡¨§‡≠ç ‡¨ñ‡¨∞‡¨æ‡¨™ ‡¨π‡≠á‡¨¨‡¨æ‡¨ï‡≠Å ‡¨®‡≠á‡¨á ‡¨§‡¨æ‡¨ô‡≠ç‡¨ï‡¨∞ ‡¨™‡≠ç‡¨∞‡¨§‡≠ç‡≠ü‡≠á‡¨ï ‡¨∂‡≠Å‡¨≠‡≠á‡¨ö‡≠ç‡¨õ‡≠Å ‡¨ö‡¨ø‡¨®‡≠ç‡¨§‡¨ø‡¨§ ‡¨Ö‡¨õ‡¨®‡≠ç‡¨§‡¨ø‡•§ ‡¨è‡¨π‡¨æ ‡¨™‡¨õ‡¨∞‡≠á ‡¨ï‡≠å‡¨£‡¨∏‡¨ø ‡¨≤‡¨¨‡¨ø ‡¨Ö‡¨õ‡¨ø ‡¨ï‡¨ø?  ‡¨ì‡¨°‡¨º‡¨ø‡¨∂‡¨æ‡¨∞‡≠á ‡¨Ü‡¨Æ ‡¨∏‡¨∞‡¨ï‡¨æ‡¨∞ ‡¨ó‡¨†‡¨® ‡¨π‡≠á‡¨¨‡¨æ ‡¨™‡¨∞‡≠á ‡¨è‡¨π‡¨ø ‡¨ò‡¨ü‡¨£‡¨æ‡¨∞ ‡¨§‡¨¶‡¨®‡≠ç‡¨§ ‡¨ï‡¨∞‡¨ø ‡¨∏‡¨Æ‡≠ç‡¨™‡≠Ç‡¨∞‡≠ç‡¨£‡≠ç‡¨£ ‡¨∏‡¨§‡≠ç‡≠ü ‡¨∏‡¨æ‡¨Æ‡¨®‡¨æ‡¨ï‡≠Å ‡¨Ü‡¨£‡¨ø‡¨¨‡¨æ ‡¨™‡¨æ‡¨á‡¨Å ‡¨è‡¨ï ‡¨∏‡≠ç‡≠±‡¨§‡¨®‡≠ç‡¨§‡≠ç‡¨∞ ‡¨ï‡¨Æ‡¨ø‡¨ü‡¨ø ‡¨ó‡¨†‡¨® ‡¨ï‡¨∞‡¨æ‡¨Ø‡¨ø‡¨¨ ‡•§,245,4116,13,1331,148,https://twitter.com/narendramodi/status/1795759131137032442#m
Narendra Modi,98161447,2666,5:18 PM - 10 Jan 2009,"May 29, 2024 ¬∑ 10:07 AM UTC","‡ß™ ‡¶ú‡ßÅ‡¶® ‡ß®‡ß¶‡ß®‡ß™, ‡¶™‡¶∂‡ßç‡¶ö‡¶ø‡¶Æ‡¶¨‡¶ô‡ßç‡¶ó‡ßá‡¶∞ ‡¶ú‡¶®‡ßç‡¶Ø  ‡¶™‡¶∞‡¶ø‡¶¨‡¶∞‡ßç‡¶§‡¶®‡ßá‡¶∞ ‡¶∏‡¶®‡ßç‡¶ß‡¶ø‡¶ï‡ßç‡¶∑‡¶£ ‡¶π‡¶§‡ßá ‡¶ö‡¶≤‡ßá‡¶õ‡ßá !",63,5561,17,1641,171,https://twitter.com/narendramodi/status/1795758903570939974#m
Narendra Modi,98161447,2666,5:18 PM - 10 Jan 2009,"May 29, 2024 ¬∑ 10:06 AM UTC",‡¶ü‡¶ø‡¶è‡¶Æ‡¶∏‡¶ø ‡¶™‡¶∂‡ßç‡¶ö‡¶ø‡¶Æ‡¶¨‡¶ô‡ßç‡¶ó‡¶ï‡ßá ‡¶Ö‡¶™‡¶õ‡¶®‡ßç‡¶¶ ‡¶ï‡¶∞‡ßá‡•§ ‡¶è‡¶¨‡¶Ç ‡¶§‡¶æ‡¶¶‡ßá‡¶∞ ‡¶ï‡¶æ‡¶ú‡¶ï‡¶∞‡ßç‡¶Æ ‡¶•‡ßá‡¶ï‡ßá‡¶á ‡¶è‡¶á ‡¶Ö‡¶™‡¶õ‡¶®‡ßç‡¶¶ ‡¶¨‡ßã‡¶ù‡¶æ ‡¶Ø‡¶æ‡¶Ø‡¶º‡•§,76,5194,15,1555,162,https://twitter.com/narendramodi/status/1795758681620943220#m
Narendra Modi,98161447,2666,5:18 PM - 10 Jan 2009,"May 29, 2024 ¬∑ 9:33 AM UTC",The energy in Balasore is exemplary! Addressing a massive rally here. Do watch.  https://x.com/i/broadcasts/1PlJQDPnqQyGE,121,9828,43,2890,356,https://twitter.com/narendramodi/status/1795750407593243047#m
Narendra Modi,98161447,2666,5:18 PM - 10 Jan 2009,"May 29, 2024 ¬∑ 8:51 AM UTC","Every well wisher of Naveen Babu is worried at the sudden deterioration of his health in the last year. Is there any lobby behind this?   After our Government is formed in Odisha, a special committee will be formed to investigate this issue and bring out the complete truth.",274,14773,88,4018,400,https://twitter.com/narendramodi/status/1795739850680701019#m
Narendra Modi,98161447,2666,5:18 PM - 10 Jan 2009,"May 29, 2024 ¬∑ 8:48 AM UTC",TMC dislikes West Bengal. And this dislike comes out in their actions.,70,20343,33,4895,292,https://twitter.com/narendramodi/status/1795739048377479679#m
Narendra Modi,98161447,2666,5:18 PM - 10 Jan 2009,"May 29, 2024 ¬∑ 8:48 AM UTC",4th June 2024 will be a turning point for West Bengal!,54,20962,50,4857,410,https://twitter.com/narendramodi/status/1795738865489043739#m
Narendra Modi,98161447,2666,5:18 PM - 10 Jan 2009,"May 29, 2024 ¬∑ 8:47 AM UTC","Glimpses from the rally in Mathurapur. All across West Bengal, it‚Äôs a clear BJP wave.",85,55699,81,7965,547,https://twitter.com/narendramodi/status/1795738647704338750#m
Narendra Modi,98161447,2666,5:18 PM - 10 Jan 2009,"May 29, 2024 ¬∑ 7:59 AM UTC",Addressing a huge rally in Mayurbhanj. Across Odisha there is anger against BJD's inefficient governance.  https://x.com/i/broadcasts/1mnGepabgWRKX,147,9069,32,2786,337,https://twitter.com/narendramodi/status/1795726737898389517#m
Narendra Modi,98161447,2666,5:18 PM - 10 Jan 2009,"May 29, 2024 ¬∑ 7:52 AM UTC",‡¶π‡ßç‡¶Ø‡¶æ‡¶≤‡ßã ‡¶Æ‡¶•‡ßÅ‡¶∞‡¶æ‡¶™‡ßÅ‡¶∞! ‡¶è‡¶ñ‡¶æ‡¶®‡ßá ‡¶Ü‡¶∏‡¶§‡ßá ‡¶™‡ßá‡¶∞‡ßá ‡¶ß‡¶®‡ßç‡¶Ø‡•§ ‡¶Ö‡¶¨‡¶ø‡¶∂‡ßç‡¶¨‡¶æ‡¶∏‡ßç‡¶Ø ‡¶™‡ßç‡¶∞‡¶æ‡¶£‡¶∂‡¶ï‡ßç‡¶§‡¶ø‡•§,61,20787,23,3752,277,https://twitter.com/narendramodi/status/1795724780462563816#m
Narendra Modi,98161447,2666,5:18 PM - 10 Jan 2009,"May 29, 2024 ¬∑ 6:41 AM UTC","In this interview with @CNNnews18‚Äôs @_pallavighosh, I speak about the corruption, bullying and misgovernance of TMC. Have also highlighted what we will do for the people of West Bengal.",185,23937,45,5613,493,https://twitter.com/narendramodi/status/1795707019468701869#m
Narendra Modi,98161447,2666,5:18 PM - 10 Jan 2009,"May 29, 2024 ¬∑ 6:40 AM UTC","In the midst of the Kolkata roadshow, spoke to @BanglaRepublic on the political scenario in West Bengal and why BJP is headed for a big win here.",145,11051,19,2780,217,https://twitter.com/narendramodi/status/1795706680946393354#m
Narendra Modi,98161447,2666,5:18 PM - 10 Jan 2009,"May 29, 2024 ¬∑ 6:38 AM UTC",Hello Mathurapur! It‚Äôs great to be here. Amazing energy.,56,71422,147,10895,781,https://twitter.com/narendramodi/status/1795706379228868675#m
Narendra Modi,98161447,2666,5:18 PM - 10 Jan 2009,"May 29, 2024 ¬∑ 5:57 AM UTC",The support for the BJP across West Bengal is at an all time high. The affection of the people here is exceptional. Watch from Mathurapur.  https://x.com/i/broadcasts/1DXGyjRPYPgJM,180,12138,40,3557,460,https://twitter.com/narendramodi/status/1795695843292619160#m
Narendra Modi,98161447,2666,5:18 PM - 10 Jan 2009,"May 29, 2024 ¬∑ 5:07 AM UTC",‡§™‡§ï‡•ç‡§ï‡•á ‡§ò‡§∞ ‡§ú‡•à‡§∏‡•Ä ‡§π‡§Æ‡§æ‡§∞‡•Ä ‡§Ø‡•ã‡§ú‡§®‡§æ‡§ì‡§Ç ‡§∏‡•á ‡§ó‡§∞‡•Ä‡§¨‡•Ä ‡§∏‡•á ‡§¨‡§æ‡§π‡§∞ ‡§Ü‡§®‡•á ‡§ï‡§æ ‡§∏‡§Ç‡§ï‡§≤‡•ç‡§™ ‡§™‡•à‡§¶‡§æ ‡§π‡•ã‡§§‡§æ ‡§π‡•à‡•§,72,18007,62,4342,665,https://twitter.com/narendramodi/status/1795683335684985068#m
Narendra Modi,98161447,2666,5:18 PM - 10 Jan 2009,"May 29, 2024 ¬∑ 5:06 AM UTC",‡§Æ‡•á‡§∞‡•á ‡§ú‡•Ä‡§µ‡§® ‡§Æ‡•á‡§Ç ‡§™‡§∂‡•ç‡§ö‡§ø‡§Æ ‡§¨‡§Ç‡§ó‡§æ‡§≤ ‡§ï‡•Ä ‡§¨‡§π‡•Å‡§§ ‡§¨‡§°‡§º‡•Ä ‡§≠‡•Ç‡§Æ‡§ø‡§ï‡§æ ‡§π‡•à‡•§,50,22072,116,5352,967,https://twitter.com/narendramodi/status/1795683079291351330#m
Elon Musk,185379944,609,8:12 PM - 2 Jun 2009,"May 30, 2024 ¬∑ 4:31 PM UTC",Why is making life multiplanetary important?,44,93632,1165,13496,9078,https://twitter.com/elonmusk/status/1796217867790110951#m
Elon Musk,185379944,609,8:12 PM - 2 Jun 2009,"May 30, 2024 ¬∑ 4:12 PM UTC","Prop C, while certainly well-intentioned, has actually amplified the homeless problem and forced businesses that operate on very slim margins, like payments companies, to leave the city or go bankrupt.   It must be repealed.",224,33646,219,7021,3080,https://twitter.com/elonmusk/status/1796213106005115361#m
Qatar Airways,185379944,609,8:12 PM - 2 Jun 2009,"May 29, 2024 ¬∑ 1:34 PM UTC","Qatar Airways raises in-flight experience to new heights!  We are proud to be the largest global airline and the first in the MENA region to collaborate with @SpaceX @Starlink   This complimentary, ground-breaking service will enhance our passengers' onboard experience with boundless entertainment and information options.",323,16015,508,2685,1145,https://twitter.com/qatarairways/status/1795810940484510091#m
Elon Musk,185379944,609,8:12 PM - 2 Jun 2009,"May 30, 2024 ¬∑ 5:29 AM UTC",Embrace cringe,14,401722,2084,35425,10613,https://twitter.com/elonmusk/status/1796051160731676909#m
Elon Musk,185379944,609,8:12 PM - 2 Jun 2009,"May 29, 2024 ¬∑ 5:26 PM UTC",Thanks Chamath!,15,141087,1413,18651,8108,https://twitter.com/elonmusk/status/1795869252513087987#m
SpaceX,185379944,609,8:12 PM - 2 Jun 2009,"May 29, 2024 ¬∑ 3:32 PM UTC","Starship and Super Heavy loaded with more than 10 million pounds of propellant in a rehearsal ahead of Flight 4. Launch is targeted as early as June 5, pending regulatory approval",179,27442,428,4326,1539,https://twitter.com/SpaceX/status/1795840604972429597#m
Elon Musk,185379944,609,8:12 PM - 2 Jun 2009,"May 29, 2024 ¬∑ 2:00 PM UTC",Starlink provides Internet connectivity in the air that is often better than being on the ground!,97,124225,731,16884,6273,https://twitter.com/elonmusk/status/1795817587118686230#m
Elon Musk,185379944,609,8:12 PM - 2 Jun 2009,"May 29, 2024 ¬∑ 1:30 PM UTC",No kidding,10,66363,320,14411,3559,https://twitter.com/elonmusk/status/1795809849638346883#m
Elon Musk,185379944,609,8:12 PM - 2 Jun 2009,"May 29, 2024 ¬∑ 12:44 PM UTC",Cool üòé,6,62384,257,6517,4669,https://twitter.com/elonmusk/status/1795798299909173339#m
Elon Musk,185379944,609,8:12 PM - 2 Jun 2009,"May 29, 2024 ¬∑ 12:19 PM UTC",Yeah,4,20947,99,4093,2468,https://twitter.com/elonmusk/status/1795792090841965022#m
SpaceX,185379944,609,8:12 PM - 2 Jun 2009,"May 28, 2024 ¬∑ 2:33 PM UTC","Clear skies as Falcon 9‚Äôs first stage lands on the A Shortfall of Gravitas droneship, completing our 350th launch!",114,22258,275,3377,2833,https://twitter.com/SpaceX/status/1795463423066792387#m
Sawyer Merritt,185379944,609,8:12 PM - 2 Jun 2009,"May 28, 2024 ¬∑ 1:58 PM UTC","NEWS: Tesla says you can win a tour of Tesla's Giga Texas factory with Elon Musk and¬†Franz von Holzhausen if you vote your shares in the upcoming annual shareholder meeting.  ""Tour the Cybertruck and Model Y manufacturing lines with Elon Musk and other Tesla executives with a private group of stockholders on June 12th, the day before the Annual Stockholders‚Äô Meeting. You will also have a ¬†reserved seat at the Annual Stockholders‚Äô Meeting on June 13th.""  Enter: https://www.tesla.com/tour-the-factory",503,7962,99,1487,1211,https://twitter.com/SawyerMerritt/status/1795454682170556519#m
Elon Musk,185379944,609,8:12 PM - 2 Jun 2009,"May 28, 2024 ¬∑ 3:07 PM UTC","Uploading your videos to ùïè massively increases viewership, as the algorithm is optimizing for total user-seconds",112,69122,6719,12514,8159,https://twitter.com/elonmusk/status/1795471904297382306#m
Elon Musk,185379944,609,8:12 PM - 2 Jun 2009,"May 28, 2024 ¬∑ 3:04 PM UTC",Please let us know if you have any questions about voting your Tesla shares!,76,39068,330,5337,4122,https://twitter.com/elonmusk/status/1795471329954537958#m
Elon Musk,185379944,609,8:12 PM - 2 Jun 2009,"May 27, 2024 ¬∑ 11:34 PM UTC",Interesting,11,78464,1766,10801,10937,https://twitter.com/elonmusk/status/1795237071562375641#m
Bojan Tunguz,185379944,609,8:12 PM - 2 Jun 2009,"May 27, 2024 ¬∑ 1:59 PM UTC",Which one of these AI labs would you most like to work at?,58,5708,92,1177,1198,https://twitter.com/tunguz/status/1795092477386359146#m
DogeDesigner,185379944,609,8:12 PM - 2 Jun 2009,"May 27, 2024 ¬∑ 8:18 PM UTC",BREAKING: Meta is using your Instagram and Facebook photos to train their AI.  Meta‚Äôs Chief Product Officer confirmed that they use publicly available photos on their platform for training purposes.,198,7933,285,2535,1718,https://twitter.com/cb_doge/status/1795187882552123483#m
Elon Musk,185379944,609,8:12 PM - 2 Jun 2009,"May 27, 2024 ¬∑ 6:40 AM UTC","Join xAI if you believe in our mission of understanding the universe, which requires maximally rigorous pursuit of the truth, without regard to popularity or political correctness",179,83187,12325,13343,8190,https://twitter.com/elonmusk/status/1794981927125987683#m
xAI,185379944,609,8:12 PM - 2 Jun 2009,"May 27, 2024 ¬∑ 5:27 AM UTC",xAI is pleased to announce.. https://x.ai/blog/series-b,55,10780,385,2045,968,https://twitter.com/xai/status/1794963555508453419#m
NASA Ames,185379944,609,8:12 PM - 2 Jun 2009,"May 24, 2024 ¬∑ 4:55 PM UTC","From 100,000 miles away üì∏   This Apollo 10 image of Earth was taken 55 years ago in 1969.",89,24954,259,4057,2155,https://twitter.com/NASAAmes/status/1794049479164768478#m
Elon Musk,185379944,609,8:12 PM - 2 Jun 2009,"May 26, 2024 ¬∑ 5:43 AM UTC",,0,208528,2563,31746,7692,https://twitter.com/elonmusk/status/1794605275850371199#m
Elon Musk,185379944,609,8:12 PM - 2 Jun 2009,"May 26, 2024 ¬∑ 12:34 AM UTC",,0,167302,970,10267,543,https://twitter.com/elonmusk/status/1794527505635832001#m
Elon Musk,185379944,609,8:12 PM - 2 Jun 2009,"May 25, 2024 ¬∑ 7:08 PM UTC","Anything that potentially challenges the Standard Model is a very interesting experiment.   Wild that Germanium-76 takes 100 trillion times the age of the universe to decay, yet it is observable in a year in you have ~1 ton of it!  https://newscenter.lbl.gov/2012/05/16/majorana-demonstrator/",292,93853,631,9294,5363,https://twitter.com/elonmusk/status/1794445334745325768#m
Elon Musk,185379944,609,8:12 PM - 2 Jun 2009,"May 25, 2024 ¬∑ 4:59 PM UTC",‚ÄúTesla is far ahead in self-driving cars‚Äù ‚Äì Jensen Huang,56,133026,1473,17607,6239,https://twitter.com/elonmusk/status/1794413021366022258#m
Elon Musk,185379944,609,8:12 PM - 2 Jun 2009,"May 25, 2024 ¬∑ 3:39 PM UTC",,0,269004,3187,44909,8663,https://twitter.com/elonmusk/status/1794392792644690028#m
Elon Musk,185379944,609,8:12 PM - 2 Jun 2009,"May 25, 2024 ¬∑ 5:27 AM UTC","The goal of citizenship for all illegals is very clearly stated by the leader of the Senate.  For some reason, a lot of people still think this is some crazy conspiracy theory!",176,279625,6579,71004,30161,https://twitter.com/elonmusk/status/1794238958030983405#m
Elon Musk,185379944,609,8:12 PM - 2 Jun 2009,"May 25, 2024 ¬∑ 1:51 AM UTC","Just a reminder that Earth is almost empty of humans, contrary to what many people think https://waitbutwhy.com/2015/03/7-3-billion-people-one-building.html",156,165091,3243,31546,27732,https://twitter.com/elonmusk/status/1794184373404840240#m
Elon Musk,185379944,609,8:12 PM - 2 Jun 2009,"May 25, 2024 ¬∑ 1:15 AM UTC",WhatsApp exports your user data every night.   Some people still think it is secure.,84,112398,1405,25117,6439,https://twitter.com/elonmusk/status/1794175493119644069#m
SpaceX,185379944,609,8:12 PM - 2 Jun 2009,"May 24, 2024 ¬∑ 1:33 PM UTC","Starship is designed to fundamentally alter humanity‚Äôs access to space, ultimately enabling us to make life multiplanetary. The third flight test of Starship and Super Heavy was an important step on the road to rapidly reliable reusable rockets.  spacex.com/updates/#flight-3‚Ä¶",276,17433,180,2730,902,https://twitter.com/SpaceX/status/1793998848584794574#m
Elon Musk,185379944,609,8:12 PM - 2 Jun 2009,"May 25, 2024 ¬∑ 12:19 AM UTC",Great show!,11,275911,683,18513,6098,https://twitter.com/elonmusk/status/1794161292225421505#m
The Boring Company,185379944,609,8:12 PM - 2 Jun 2009,"May 24, 2024 ¬∑ 11:32 PM UTC",2 million passengers!,21,6648,32,1029,373,https://twitter.com/boringcompany/status/1794149427097010288#m
Elon Musk,185379944,609,8:12 PM - 2 Jun 2009,"May 24, 2024 ¬∑ 11:26 PM UTC",Improvements to Communities,27,22535,122,4625,2110,https://twitter.com/elonmusk/status/1794147920998273387#m
Elon Musk,185379944,609,8:12 PM - 2 Jun 2009,"May 24, 2024 ¬∑ 11:12 PM UTC",It‚Äôs a real thing that you can try today,40,73970,580,8367,4052,https://twitter.com/elonmusk/status/1794144519514189928#m
Elon Musk,185379944,609,8:12 PM - 2 Jun 2009,"May 24, 2024 ¬∑ 11:06 PM UTC","The Boring Company connects another hotel in Vegas!  Within a few years, you will be able to get to all major destinations in the city super fast with electric cars in tunnels.   No need to imagine, you can try it today between Resorts World and the Convention Center!",268,115884,953,12225,5974,https://twitter.com/elonmusk/status/1794142909706711201#m
Elon Musk,185379944,609,8:12 PM - 2 Jun 2009,"May 24, 2024 ¬∑ 10:55 PM UTC",Tesla Megapack batteries are great for buffering energy at scale!,65,50876,258,6575,2710,https://twitter.com/elonmusk/status/1794140283095158907#m
DogeDesigner,185379944,609,8:12 PM - 2 Jun 2009,"May 24, 2024 ¬∑ 10:27 PM UTC","ùïè Creators,  The revenue you generate depends on the number of verified ad impressions you receive.  I recommend encouraging your audience to get verified.",155,5188,114,1150,777,https://twitter.com/cb_doge/status/1794133203470647785#m
DogeDesigner,185379944,609,8:12 PM - 2 Jun 2009,"May 24, 2024 ¬∑ 4:10 PM UTC","Instagram - sad generation with happy pictures ùïè - real people, real thoughts in real-time",90,18388,343,2662,1342,https://twitter.com/cb_doge/status/1794038297880387752#m
Elon Musk,185379944,609,8:12 PM - 2 Jun 2009,"May 24, 2024 ¬∑ 5:02 PM UTC",Could be a good one https://x.com/i/events/1790499866331713536,62,88752,3318,10176,5711,https://twitter.com/elonmusk/status/1794051318862262444#m
Elon Musk,185379944,609,8:12 PM - 2 Jun 2009,"May 24, 2024 ¬∑ 3:09 PM UTC",OG Doge has ascended to heaven to be with his friend Harambe  (@Not_the_Bee),76,34967,209,2822,2269,https://twitter.com/elonmusk/status/1794022958996033811#m
Elon Musk,185379944,609,8:12 PM - 2 Jun 2009,"May 24, 2024 ¬∑ 3:06 PM UTC",,0,1235507,8909,106087,24054,https://twitter.com/elonmusk/status/1794022138757648810#m
Mario Nawfal,185379944,609,8:12 PM - 2 Jun 2009,"May 24, 2024 ¬∑ 10:58 AM UTC","üá∫üá∏ ELON: STARLINK WILL COMPLETE THE GOAL OF A CONNECTED WORLD  ""SpaceX is very focused on the Starlink constellation for internet connectivity.  It's bringing internet connectivity to places which don't have it, or where it's very expensive.  It's a tremendous enabler of education and for enabling people to sell their goods and services internationally.  Even if you're a remote village, you can still sell your goods and services.""  Source: SpaceX",450,8113,89,1595,694,https://twitter.com/MarioNawfal/status/1793959646673158428#m
Elon Musk,185379944,609,8:12 PM - 2 Jun 2009,"May 24, 2024 ¬∑ 3:07 AM UTC",Flight 4 in about 10 days,25,140617,940,17065,8751,https://twitter.com/elonmusk/status/1793841342055166228#m
Sawyer Merritt,185379944,609,8:12 PM - 2 Jun 2009,"May 23, 2024 ¬∑ 3:23 PM UTC","NEWS: Tesla says they received a record 5.9 million job applications in 2023, a 64% increase vs 2022.",101,9829,156,1451,642,https://twitter.com/SawyerMerritt/status/1793664172913557528#m
Elon Musk,185379944,609,8:12 PM - 2 Jun 2009,"May 23, 2024 ¬∑ 9:38 PM UTC",Rocket gymnastics,17,329294,2621,36583,15711,https://twitter.com/elonmusk/status/1793758447407956478#m
Elon Musk,185379944,609,8:12 PM - 2 Jun 2009,"May 23, 2024 ¬∑ 8:57 PM UTC",Yeah!,5,44471,189,6601,3949,https://twitter.com/elonmusk/status/1793748023312629820#m
Elon Musk,185379944,609,8:12 PM - 2 Jun 2009,"May 23, 2024 ¬∑ 4:47 PM UTC","A lot of social media is bad for kids, as there is extreme competition between social media AIs to maximize dopamine!",117,79371,810,17725,5078,https://twitter.com/elonmusk/status/1793685157364543814#m
Elon Musk,185379944,609,8:12 PM - 2 Jun 2009,"May 23, 2024 ¬∑ 3:36 PM UTC",Trust the collective wisdom of the people,41,93194,786,20892,6092,https://twitter.com/elonmusk/status/1793667283207995479#m
Elon Musk,185379944,609,8:12 PM - 2 Jun 2009,"May 23, 2024 ¬∑ 3:23 PM UTC",People will die if doctors misdiagnose patients,47,174462,2733,41928,16139,https://twitter.com/elonmusk/status/1793664067707834876#m
Megyn Kelly,185379944,609,8:12 PM - 2 Jun 2009,"May 22, 2024 ¬∑ 1:16 AM UTC",".@BillMaher on Biden's Pandering, Woke Progressives Supporting Terrorists, and The Value of Disagreement  Plus, Stormy Daniels' changing story, the viral Ben Affleck vs. Sam Harris moment, and more. Watch today's FULL show, right here on X:",240,8547,121,1781,1149,https://twitter.com/megynkelly/status/1793088537086382417#m
Elon Musk,185379944,609,8:12 PM - 2 Jun 2009,"May 23, 2024 ¬∑ 7:47 AM UTC",,0,68480,713,9952,3712,https://twitter.com/elonmusk/status/1793549358597886004#m
